image_id,width,heigth,bbox
gQoHluPL7-Listovoe-udobrenie-podsolnechnika,1200,675,"[527.86,350.91, 1, 1 ]"
gQoHluPL7-Listovoe-udobrenie-podsolnechnika,1200,675,"[524.79,337.87, 1, 1 ]"
gQoHluPL7-Listovoe-udobrenie-podsolnechnika,1200,675,"[524.79,326.37, 1, 1 ]"
gQoHluPL7-Listovoe-udobrenie-podsolnechnika,1200,675,"[531.69,317.94, 1, 1 ]"
gQoHluPL7-Listovoe-udobrenie-podsolnechnika,1200,675,"[538.97,312.18, 1, 1 ]"
gQoHluPL7-Listovoe-udobrenie-podsolnechnika,1200,675,"[540.51,299.91, 1, 1 ]"
gQoHluPL7-Listovoe-udobrenie-podsolnechnika,1200,675,"[537.44,297.23, 1, 1 ]"
gQoHluPL7-Listovoe-udobrenie-podsolnechnika,1200,675,"[530.54,290.33, 1, 1 ]"
gQoHluPL7-Listovoe-udobrenie-podsolnechnika,1200,675,"[537.82,282.28, 1, 1 ]"
gQoHluPL7-Listovoe-udobrenie-podsolnechnika,1200,675,"[533.22,272.31, 1, 1 ]"
gQoHluPL7-Listovoe-udobrenie-podsolnechnika,1200,675,"[594.57,196.39, 1, 1 ]"
gQoHluPL7-Listovoe-udobrenie-podsolnechnika,1200,675,"[584.22,207.13, 1, 1 ]"
gQoHluPL7-Listovoe-udobrenie-podsolnechnika,1200,675,"[576.17,214.80, 1, 1 ]"
gQoHluPL7-Listovoe-udobrenie-podsolnechnika,1200,675,"[564.28,224.38, 1, 1 ]"
gQoHluPL7-Listovoe-udobrenie-podsolnechnika,1200,675,"[555.08,230.13, 1, 1 ]"
gQoHluPL7-Listovoe-udobrenie-podsolnechnika,1200,675,"[548.94,203.29, 1, 1 ]"
gQoHluPL7-Listovoe-udobrenie-podsolnechnika,1200,675,"[545.11,207.89, 1, 1 ]"
gQoHluPL7-Listovoe-udobrenie-podsolnechnika,1200,675,"[540.13,219.78, 1, 1 ]"
gQoHluPL7-Listovoe-udobrenie-podsolnechnika,1200,675,"[530.54,225.53, 1, 1 ]"
gQoHluPL7-Listovoe-udobrenie-podsolnechnika,1200,675,"[519.80,238.18, 1, 1 ]"
gQoHluPL7-Listovoe-udobrenie-podsolnechnika,1200,675,"[522.49,208.28, 1, 1 ]"
gQoHluPL7-Listovoe-udobrenie-podsolnechnika,1200,675,"[519.80,217.10, 1, 1 ]"
gQoHluPL7-Listovoe-udobrenie-podsolnechnika,1200,675,"[514.82,224.38, 1, 1 ]"
gQoHluPL7-Listovoe-udobrenie-podsolnechnika,1200,675,"[512.14,232.82, 1, 1 ]"
gQoHluPL7-Listovoe-udobrenie-podsolnechnika,1200,675,"[507.53,245.09, 1, 1 ]"
gQoHluPL7-Listovoe-udobrenie-podsolnechnika,1200,675,"[504.47,256.21, 1, 1 ]"
gQoHluPL7-Listovoe-udobrenie-podsolnechnika,1200,675,"[505.62,219.40, 1, 1 ]"
gQoHluPL7-Listovoe-udobrenie-podsolnechnika,1200,675,"[501.40,231.67, 1, 1 ]"
gQoHluPL7-Listovoe-udobrenie-podsolnechnika,1200,675,"[497.95,243.94, 1, 1 ]"
gQoHluPL7-Listovoe-udobrenie-podsolnechnika,1200,675,"[497.57,255.44, 1, 1 ]"
gQoHluPL7-Listovoe-udobrenie-podsolnechnika,1200,675,"[494.88,266.17, 1, 1 ]"
gQoHluPL7-Listovoe-udobrenie-podsolnechnika,1200,675,"[493.73,277.29, 1, 1 ]"
gQoHluPL7-Listovoe-udobrenie-podsolnechnika,1200,675,"[388.28,441.28, 1, 1 ]"
gQoHluPL7-Listovoe-udobrenie-podsolnechnika,1200,675,"[372.77,439.89, 1, 1 ]"
gQoHluPL7-Listovoe-udobrenie-podsolnechnika,1200,675,"[512.90,470.15, 1, 1 ]"
gQoHluPL7-Listovoe-udobrenie-podsolnechnika,1200,675,"[501.78,477.82, 1, 1 ]"
gQoHluPL7-Listovoe-udobrenie-podsolnechnika,1200,675,"[493.35,481.27, 1, 1 ]"
gQoHluPL7-Listovoe-udobrenie-podsolnechnika,1200,675,"[583.45,544.15, 1, 1 ]"
gQoHluPL7-Listovoe-udobrenie-podsolnechnika,1200,675,"[624.09,209.04, 1, 1 ]"
gQoHluPL7-Listovoe-udobrenie-podsolnechnika,1200,675,"[625.24,216.71, 1, 1 ]"
gQoHluPL7-Listovoe-udobrenie-podsolnechnika,1200,675,"[618.34,230.52, 1, 1 ]"
gQoHluPL7-Listovoe-udobrenie-podsolnechnika,1200,675,"[612.59,221.70, 1, 1 ]"
gQoHluPL7-Listovoe-udobrenie-podsolnechnika,1200,675,"[611.06,229.75, 1, 1 ]"
gQoHluPL7-Listovoe-udobrenie-podsolnechnika,1200,675,"[598.40,217.10, 1, 1 ]"
gQoHluPL7-Listovoe-udobrenie-podsolnechnika,1200,675,"[605.31,225.53, 1, 1 ]"
gQoHluPL7-Listovoe-udobrenie-podsolnechnika,1200,675,"[608.76,213.26, 1, 1 ]"
gQoHluPL7-Listovoe-udobrenie-podsolnechnika,1200,675,"[609.14,198.31, 1, 1 ]"
gQoHluPL7-Listovoe-udobrenie-podsolnechnika,1200,675,"[604.92,205.98, 1, 1 ]"
gQoHluPL7-Listovoe-udobrenie-podsolnechnika,1200,675,"[588.82,213.65, 1, 1 ]"
gQoHluPL7-Listovoe-udobrenie-podsolnechnika,1200,675,"[579.62,225.92, 1, 1 ]"
gQoHluPL7-Listovoe-udobrenie-podsolnechnika,1200,675,"[584.22,232.82, 1, 1 ]"
gQoHluPL7-Listovoe-udobrenie-podsolnechnika,1200,675,"[586.14,238.57, 1, 1 ]"
gQoHluPL7-Listovoe-udobrenie-podsolnechnika,1200,675,"[574.63,237.42, 1, 1 ]"
gQoHluPL7-Listovoe-udobrenie-podsolnechnika,1200,675,"[575.40,247.77, 1, 1 ]"
gQoHluPL7-Listovoe-udobrenie-podsolnechnika,1200,675,"[580.00,254.67, 1, 1 ]"
gQoHluPL7-Listovoe-udobrenie-podsolnechnika,1200,675,"[581.53,259.27, 1, 1 ]"
gQoHluPL7-Listovoe-udobrenie-podsolnechnika,1200,675,"[566.20,248.92, 1, 1 ]"
gQoHluPL7-Listovoe-udobrenie-podsolnechnika,1200,675,"[571.95,263.11, 1, 1 ]"
gQoHluPL7-Listovoe-udobrenie-podsolnechnika,1200,675,"[573.87,268.47, 1, 1 ]"
gQoHluPL7-Listovoe-udobrenie-podsolnechnika,1200,675,"[572.72,278.83, 1, 1 ]"
gQoHluPL7-Listovoe-udobrenie-podsolnechnika,1200,675,"[570.42,292.63, 1, 1 ]"
gQoHluPL7-Listovoe-udobrenie-podsolnechnika,1200,675,"[569.26,304.90, 1, 1 ]"
gQoHluPL7-Listovoe-udobrenie-podsolnechnika,1200,675,"[568.50,323.30, 1, 1 ]"
gQoHluPL7-Listovoe-udobrenie-podsolnechnika,1200,675,"[569.26,330.59, 1, 1 ]"
gQoHluPL7-Listovoe-udobrenie-podsolnechnika,1200,675,"[561.98,333.66, 1, 1 ]"
gQoHluPL7-Listovoe-udobrenie-podsolnechnika,1200,675,"[553.93,336.34, 1, 1 ]"
gQoHluPL7-Listovoe-udobrenie-podsolnechnika,1200,675,"[550.48,345.16, 1, 1 ]"
gQoHluPL7-Listovoe-udobrenie-podsolnechnika,1200,675,"[543.96,341.32, 1, 1 ]"
gQoHluPL7-Listovoe-udobrenie-podsolnechnika,1200,675,"[544.73,331.35, 1, 1 ]"
gQoHluPL7-Listovoe-udobrenie-podsolnechnika,1200,675,"[556.61,324.45, 1, 1 ]"
gQoHluPL7-Listovoe-udobrenie-podsolnechnika,1200,675,"[555.08,315.63, 1, 1 ]"
gQoHluPL7-Listovoe-udobrenie-podsolnechnika,1200,675,"[558.15,306.43, 1, 1 ]"
gQoHluPL7-Listovoe-udobrenie-podsolnechnika,1200,675,"[560.45,295.70, 1, 1 ]"
gQoHluPL7-Listovoe-udobrenie-podsolnechnika,1200,675,"[557.00,289.95, 1, 1 ]"
gQoHluPL7-Listovoe-udobrenie-podsolnechnika,1200,675,"[558.15,276.14, 1, 1 ]"
gQoHluPL7-Listovoe-udobrenie-podsolnechnika,1200,675,"[563.13,281.13, 1, 1 ]"
gQoHluPL7-Listovoe-udobrenie-podsolnechnika,1200,675,"[563.51,268.47, 1, 1 ]"
gQoHluPL7-Listovoe-udobrenie-podsolnechnika,1200,675,"[565.05,258.12, 1, 1 ]"
gQoHluPL7-Listovoe-udobrenie-podsolnechnika,1200,675,"[555.46,259.66, 1, 1 ]"
gQoHluPL7-Listovoe-udobrenie-podsolnechnika,1200,675,"[552.78,266.94, 1, 1 ]"
gQoHluPL7-Listovoe-udobrenie-podsolnechnika,1200,675,"[546.26,275.76, 1, 1 ]"
gQoHluPL7-Listovoe-udobrenie-podsolnechnika,1200,675,"[543.19,273.46, 1, 1 ]"
gQoHluPL7-Listovoe-udobrenie-podsolnechnika,1200,675,"[550.86,282.66, 1, 1 ]"
gQoHluPL7-Listovoe-udobrenie-podsolnechnika,1200,675,"[550.48,245.47, 1, 1 ]"
gQoHluPL7-Listovoe-udobrenie-podsolnechnika,1200,675,"[549.71,251.99, 1, 1 ]"
gQoHluPL7-Listovoe-udobrenie-podsolnechnika,1200,675,"[542.04,257.36, 1, 1 ]"
gQoHluPL7-Listovoe-udobrenie-podsolnechnika,1200,675,"[531.69,260.42, 1, 1 ]"
gQoHluPL7-Listovoe-udobrenie-podsolnechnika,1200,675,"[526.32,255.05, 1, 1 ]"
gQoHluPL7-Listovoe-udobrenie-podsolnechnika,1200,675,"[527.86,243.55, 1, 1 ]"
gQoHluPL7-Listovoe-udobrenie-podsolnechnika,1200,675,"[699.63,378.13, 1, 1 ]"
gQoHluPL7-Listovoe-udobrenie-podsolnechnika,1200,675,"[680.84,386.57, 1, 1 ]"
gQoHluPL7-Listovoe-udobrenie-podsolnechnika,1200,675,"[685.82,394.62, 1, 1 ]"
gQoHluPL7-Listovoe-udobrenie-podsolnechnika,1200,675,"[666.27,381.58, 1, 1 ]"
gQoHluPL7-Listovoe-udobrenie-podsolnechnika,1200,675,"[655.53,372.38, 1, 1 ]"
gQoHluPL7-Listovoe-udobrenie-podsolnechnika,1200,675,"[649.02,368.55, 1, 1 ]"
gQoHluPL7-Listovoe-udobrenie-podsolnechnika,1200,675,"[635.60,358.96, 1, 1 ]"
gQoHluPL7-Listovoe-udobrenie-podsolnechnika,1200,675,"[628.31,355.13, 1, 1 ]"
gQoHluPL7-Listovoe-udobrenie-podsolnechnika,1200,675,"[612.97,354.74, 1, 1 ]"
gQoHluPL7-Listovoe-udobrenie-podsolnechnika,1200,675,"[597.64,351.68, 1, 1 ]"
gQoHluPL7-Listovoe-udobrenie-podsolnechnika,1200,675,"[604.16,360.11, 1, 1 ]"
gQoHluPL7-Listovoe-udobrenie-podsolnechnika,1200,675,"[621.79,368.55, 1, 1 ]"
gQoHluPL7-Listovoe-udobrenie-podsolnechnika,1200,675,"[637.90,373.15, 1, 1 ]"
gQoHluPL7-Listovoe-udobrenie-podsolnechnika,1200,675,"[651.32,380.43, 1, 1 ]"
gQoHluPL7-Listovoe-udobrenie-podsolnechnika,1200,675,"[660.90,392.32, 1, 1 ]"
gQoHluPL7-Listovoe-udobrenie-podsolnechnika,1200,675,"[674.70,395.77, 1, 1 ]"
gQoHluPL7-Listovoe-udobrenie-podsolnechnika,1200,675,"[700.01,418.01, 1, 1 ]"
gQoHluPL7-Listovoe-udobrenie-podsolnechnika,1200,675,"[710.36,427.98, 1, 1 ]"
gQoHluPL7-Listovoe-udobrenie-podsolnechnika,1200,675,"[716.11,414.56, 1, 1 ]"
gQoHluPL7-Listovoe-udobrenie-podsolnechnika,1200,675,"[669.72,406.50, 1, 1 ]"
gQoHluPL7-Listovoe-udobrenie-podsolnechnika,1200,675,"[683.91,420.69, 1, 1 ]"
gQoHluPL7-Listovoe-udobrenie-podsolnechnika,1200,675,"[697.33,427.21, 1, 1 ]"
gQoHluPL7-Listovoe-udobrenie-podsolnechnika,1200,675,"[705.76,437.56, 1, 1 ]"
gQoHluPL7-Listovoe-udobrenie-podsolnechnika,1200,675,"[702.31,455.97, 1, 1 ]"
gQoHluPL7-Listovoe-udobrenie-podsolnechnika,1200,675,"[693.49,445.23, 1, 1 ]"
gQoHluPL7-Listovoe-udobrenie-podsolnechnika,1200,675,"[683.91,436.79, 1, 1 ]"
gQoHluPL7-Listovoe-udobrenie-podsolnechnika,1200,675,"[668.57,421.84, 1, 1 ]"
gQoHluPL7-Listovoe-udobrenie-podsolnechnika,1200,675,"[653.62,410.34, 1, 1 ]"
gQoHluPL7-Listovoe-udobrenie-podsolnechnika,1200,675,"[639.43,401.52, 1, 1 ]"
gQoHluPL7-Listovoe-udobrenie-podsolnechnika,1200,675,"[624.48,391.55, 1, 1 ]"
gQoHluPL7-Listovoe-udobrenie-podsolnechnika,1200,675,"[607.61,385.03, 1, 1 ]"
gQoHluPL7-Listovoe-udobrenie-podsolnechnika,1200,675,"[597.25,381.58, 1, 1 ]"
gQoHluPL7-Listovoe-udobrenie-podsolnechnika,1200,675,"[602.62,376.60, 1, 1 ]"
gQoHluPL7-Listovoe-udobrenie-podsolnechnika,1200,675,"[614.51,380.05, 1, 1 ]"
gQoHluPL7-Listovoe-udobrenie-podsolnechnika,1200,675,"[629.08,386.57, 1, 1 ]"
gQoHluPL7-Listovoe-udobrenie-podsolnechnika,1200,675,"[645.56,393.85, 1, 1 ]"
gQoHluPL7-Listovoe-udobrenie-podsolnechnika,1200,675,"[654.77,398.45, 1, 1 ]"
gQoHluPL7-Listovoe-udobrenie-podsolnechnika,1200,675,"[607.22,401.90, 1, 1 ]"
gQoHluPL7-Listovoe-udobrenie-podsolnechnika,1200,675,"[617.96,409.57, 1, 1 ]"
gQoHluPL7-Listovoe-udobrenie-podsolnechnika,1200,675,"[632.53,419.54, 1, 1 ]"
gQoHluPL7-Listovoe-udobrenie-podsolnechnika,1200,675,"[649.02,434.49, 1, 1 ]"
gQoHluPL7-Listovoe-udobrenie-podsolnechnika,1200,675,"[658.98,443.31, 1, 1 ]"
gQoHluPL7-Listovoe-udobrenie-podsolnechnika,1200,675,"[666.65,455.58, 1, 1 ]"
gQoHluPL7-Listovoe-udobrenie-podsolnechnika,1200,675,"[673.55,464.78, 1, 1 ]"
gQoHluPL7-Listovoe-udobrenie-podsolnechnika,1200,675,"[657.45,428.74, 1, 1 ]"
gQoHluPL7-Listovoe-udobrenie-podsolnechnika,1200,675,"[668.19,434.88, 1, 1 ]"
gQoHluPL7-Listovoe-udobrenie-podsolnechnika,1200,675,"[674.70,446.00, 1, 1 ]"
gQoHluPL7-Listovoe-udobrenie-podsolnechnika,1200,675,"[683.91,452.13, 1, 1 ]"
gQoHluPL7-Listovoe-udobrenie-podsolnechnika,1200,675,"[689.66,464.02, 1, 1 ]"
gQoHluPL7-Listovoe-udobrenie-podsolnechnika,1200,675,"[632.15,436.03, 1, 1 ]"
gQoHluPL7-Listovoe-udobrenie-podsolnechnika,1200,675,"[634.83,443.70, 1, 1 ]"
gQoHluPL7-Listovoe-udobrenie-podsolnechnika,1200,675,"[637.13,447.15, 1, 1 ]"
gQoHluPL7-Listovoe-udobrenie-podsolnechnika,1200,675,"[641.73,453.66, 1, 1 ]"
gQoHluPL7-Listovoe-udobrenie-podsolnechnika,1200,675,"[649.40,465.93, 1, 1 ]"
gQoHluPL7-Listovoe-udobrenie-podsolnechnika,1200,675,"[653.62,472.84, 1, 1 ]"
gQoHluPL7-Listovoe-udobrenie-podsolnechnika,1200,675,"[660.52,485.87, 1, 1 ]"
gQoHluPL7-Listovoe-udobrenie-podsolnechnika,1200,675,"[665.12,493.92, 1, 1 ]"
gQoHluPL7-Listovoe-udobrenie-podsolnechnika,1200,675,"[652.85,460.18, 1, 1 ]"
gQoHluPL7-Listovoe-udobrenie-podsolnechnika,1200,675,"[665.89,474.37, 1, 1 ]"
gQoHluPL7-Listovoe-udobrenie-podsolnechnika,1200,675,"[672.40,485.87, 1, 1 ]"
gQoHluPL7-Listovoe-udobrenie-podsolnechnika,1200,675,"[662.44,467.08, 1, 1 ]"
gQoHluPL7-Listovoe-udobrenie-podsolnechnika,1200,675,"[629.46,226.30, 1, 1 ]"
gQoHluPL7-Listovoe-udobrenie-podsolnechnika,1200,675,"[639.81,225.92, 1, 1 ]"
gQoHluPL7-Listovoe-udobrenie-podsolnechnika,1200,675,"[644.03,227.83, 1, 1 ]"
gQoHluPL7-Listovoe-udobrenie-podsolnechnika,1200,675,"[629.84,238.95, 1, 1 ]"
gQoHluPL7-Listovoe-udobrenie-podsolnechnika,1200,675,"[618.34,240.87, 1, 1 ]"
gQoHluPL7-Listovoe-udobrenie-podsolnechnika,1200,675,"[613.74,248.92, 1, 1 ]"
gQoHluPL7-Listovoe-udobrenie-podsolnechnika,1200,675,"[623.71,250.45, 1, 1 ]"
gQoHluPL7-Listovoe-udobrenie-podsolnechnika,1200,675,"[634.06,250.45, 1, 1 ]"
gQoHluPL7-Listovoe-udobrenie-podsolnechnika,1200,675,"[608.76,240.87, 1, 1 ]"
gQoHluPL7-Listovoe-udobrenie-podsolnechnika,1200,675,"[603.01,250.45, 1, 1 ]"
gQoHluPL7-Listovoe-udobrenie-podsolnechnika,1200,675,"[591.89,250.45, 1, 1 ]"
gQoHluPL7-Listovoe-udobrenie-podsolnechnika,1200,675,"[599.94,238.57, 1, 1 ]"
gQoHluPL7-Listovoe-udobrenie-podsolnechnika,1200,675,"[660.52,253.14, 1, 1 ]"
gQoHluPL7-Listovoe-udobrenie-podsolnechnika,1200,675,"[673.94,241.25, 1, 1 ]"
gQoHluPL7-Listovoe-udobrenie-podsolnechnika,1200,675,"[660.90,238.18, 1, 1 ]"
gQoHluPL7-Listovoe-udobrenie-podsolnechnika,1200,675,"[639.43,254.67, 1, 1 ]"
gQoHluPL7-Listovoe-udobrenie-podsolnechnika,1200,675,"[632.91,263.49, 1, 1 ]"
gQoHluPL7-Listovoe-udobrenie-podsolnechnika,1200,675,"[617.96,260.42, 1, 1 ]"
gQoHluPL7-Listovoe-udobrenie-podsolnechnika,1200,675,"[606.84,260.81, 1, 1 ]"
gQoHluPL7-Listovoe-udobrenie-podsolnechnika,1200,675,"[596.49,263.49, 1, 1 ]"
gQoHluPL7-Listovoe-udobrenie-podsolnechnika,1200,675,"[590.74,277.29, 1, 1 ]"
gQoHluPL7-Listovoe-udobrenie-podsolnechnika,1200,675,"[606.46,275.38, 1, 1 ]"
gQoHluPL7-Listovoe-udobrenie-podsolnechnika,1200,675,"[613.74,273.46, 1, 1 ]"
gQoHluPL7-Listovoe-udobrenie-podsolnechnika,1200,675,"[625.24,271.54, 1, 1 ]"
gQoHluPL7-Listovoe-udobrenie-podsolnechnika,1200,675,"[638.28,271.54, 1, 1 ]"
gQoHluPL7-Listovoe-udobrenie-podsolnechnika,1200,675,"[648.63,273.84, 1, 1 ]"
gQoHluPL7-Listovoe-udobrenie-podsolnechnika,1200,675,"[661.67,274.61, 1, 1 ]"
gQoHluPL7-Listovoe-udobrenie-podsolnechnika,1200,675,"[674.32,280.36, 1, 1 ]"
gQoHluPL7-Listovoe-udobrenie-podsolnechnika,1200,675,"[687.74,285.34, 1, 1 ]"
gQoHluPL7-Listovoe-udobrenie-podsolnechnika,1200,675,"[684.67,301.45, 1, 1 ]"
gQoHluPL7-Listovoe-udobrenie-podsolnechnika,1200,675,"[671.64,294.55, 1, 1 ]"
gQoHluPL7-Listovoe-udobrenie-podsolnechnika,1200,675,"[659.37,289.95, 1, 1 ]"
gQoHluPL7-Listovoe-udobrenie-podsolnechnika,1200,675,"[646.72,284.58, 1, 1 ]"
gQoHluPL7-Listovoe-udobrenie-podsolnechnika,1200,675,"[629.84,281.89, 1, 1 ]"
gQoHluPL7-Listovoe-udobrenie-podsolnechnika,1200,675,"[612.59,281.89, 1, 1 ]"
gQoHluPL7-Listovoe-udobrenie-podsolnechnika,1200,675,"[596.87,281.89, 1, 1 ]"
gQoHluPL7-Listovoe-udobrenie-podsolnechnika,1200,675,"[606.46,297.23, 1, 1 ]"
gQoHluPL7-Listovoe-udobrenie-podsolnechnika,1200,675,"[613.36,297.23, 1, 1 ]"
gQoHluPL7-Listovoe-udobrenie-podsolnechnika,1200,675,"[630.23,298.00, 1, 1 ]"
gQoHluPL7-Listovoe-udobrenie-podsolnechnika,1200,675,"[648.63,298.38, 1, 1 ]"
gQoHluPL7-Listovoe-udobrenie-podsolnechnika,1200,675,"[661.67,304.13, 1, 1 ]"
gQoHluPL7-Listovoe-udobrenie-podsolnechnika,1200,675,"[676.24,306.43, 1, 1 ]"
gQoHluPL7-Listovoe-udobrenie-podsolnechnika,1200,675,"[683.91,312.18, 1, 1 ]"
gQoHluPL7-Listovoe-udobrenie-podsolnechnika,1200,675,"[691.96,318.70, 1, 1 ]"
gQoHluPL7-Listovoe-udobrenie-podsolnechnika,1200,675,"[680.07,326.75, 1, 1 ]"
gQoHluPL7-Listovoe-udobrenie-podsolnechnika,1200,675,"[668.95,321.00, 1, 1 ]"
gQoHluPL7-Listovoe-udobrenie-podsolnechnika,1200,675,"[656.68,317.94, 1, 1 ]"
gQoHluPL7-Listovoe-udobrenie-podsolnechnika,1200,675,"[644.03,312.18, 1, 1 ]"
gQoHluPL7-Listovoe-udobrenie-podsolnechnika,1200,675,"[633.30,309.12, 1, 1 ]"
gQoHluPL7-Listovoe-udobrenie-podsolnechnika,1200,675,"[625.24,306.82, 1, 1 ]"
gQoHluPL7-Listovoe-udobrenie-podsolnechnika,1200,675,"[614.89,305.67, 1, 1 ]"
gQoHluPL7-Listovoe-udobrenie-podsolnechnika,1200,675,"[601.47,307.20, 1, 1 ]"
gQoHluPL7-Listovoe-udobrenie-podsolnechnika,1200,675,"[592.65,306.43, 1, 1 ]"
gQoHluPL7-Listovoe-udobrenie-podsolnechnika,1200,675,"[588.05,313.72, 1, 1 ]"
gQoHluPL7-Listovoe-udobrenie-podsolnechnika,1200,675,"[598.79,314.87, 1, 1 ]"
gQoHluPL7-Listovoe-udobrenie-podsolnechnika,1200,675,"[614.12,318.32, 1, 1 ]"
gQoHluPL7-Listovoe-udobrenie-podsolnechnika,1200,675,"[626.39,321.00, 1, 1 ]"
gQoHluPL7-Listovoe-udobrenie-podsolnechnika,1200,675,"[637.13,321.77, 1, 1 ]"
gQoHluPL7-Listovoe-udobrenie-podsolnechnika,1200,675,"[647.48,324.84, 1, 1 ]"
gQoHluPL7-Listovoe-udobrenie-podsolnechnika,1200,675,"[657.83,328.29, 1, 1 ]"
gQoHluPL7-Listovoe-udobrenie-podsolnechnika,1200,675,"[667.04,335.19, 1, 1 ]"
gQoHluPL7-Listovoe-udobrenie-podsolnechnika,1200,675,"[675.47,339.02, 1, 1 ]"
gQoHluPL7-Listovoe-udobrenie-podsolnechnika,1200,675,"[681.22,343.24, 1, 1 ]"
gQoHluPL7-Listovoe-udobrenie-podsolnechnika,1200,675,"[688.12,333.27, 1, 1 ]"
gQoHluPL7-Listovoe-udobrenie-podsolnechnika,1200,675,"[693.49,348.61, 1, 1 ]"
gQoHluPL7-Listovoe-udobrenie-podsolnechnika,1200,675,"[702.69,351.29, 1, 1 ]"
gQoHluPL7-Listovoe-udobrenie-podsolnechnika,1200,675,"[713.81,362.79, 1, 1 ]"
gQoHluPL7-Listovoe-udobrenie-podsolnechnika,1200,675,"[713.43,375.83, 1, 1 ]"
gQoHluPL7-Listovoe-udobrenie-podsolnechnika,1200,675,"[724.17,372.76, 1, 1 ]"
gQoHluPL7-Listovoe-udobrenie-podsolnechnika,1200,675,"[678.16,356.66, 1, 1 ]"
gQoHluPL7-Listovoe-udobrenie-podsolnechnika,1200,675,"[667.04,348.61, 1, 1 ]"
gQoHluPL7-Listovoe-udobrenie-podsolnechnika,1200,675,"[657.83,345.54, 1, 1 ]"
gQoHluPL7-Listovoe-udobrenie-podsolnechnika,1200,675,"[642.50,338.26, 1, 1 ]"
gQoHluPL7-Listovoe-udobrenie-podsolnechnika,1200,675,"[627.16,333.27, 1, 1 ]"
gQoHluPL7-Listovoe-udobrenie-podsolnechnika,1200,675,"[611.82,330.97, 1, 1 ]"
gQoHluPL7-Listovoe-udobrenie-podsolnechnika,1200,675,"[594.95,331.74, 1, 1 ]"
gQoHluPL7-Listovoe-udobrenie-podsolnechnika,1200,675,"[578.08,332.89, 1, 1 ]"
gQoHluPL7-Listovoe-udobrenie-podsolnechnika,1200,675,"[588.82,339.02, 1, 1 ]"
gQoHluPL7-Listovoe-udobrenie-podsolnechnika,1200,675,"[600.70,339.41, 1, 1 ]"
gQoHluPL7-Listovoe-udobrenie-podsolnechnika,1200,675,"[613.74,342.47, 1, 1 ]"
gQoHluPL7-Listovoe-udobrenie-podsolnechnika,1200,675,"[632.91,346.31, 1, 1 ]"
gQoHluPL7-Listovoe-udobrenie-podsolnechnika,1200,675,"[646.72,348.99, 1, 1 ]"
gQoHluPL7-Listovoe-udobrenie-podsolnechnika,1200,675,"[658.22,356.66, 1, 1 ]"
gQoHluPL7-Listovoe-udobrenie-podsolnechnika,1200,675,"[670.10,365.48, 1, 1 ]"
gQoHluPL7-Listovoe-udobrenie-podsolnechnika,1200,675,"[676.24,369.70, 1, 1 ]"
gQoHluPL7-Listovoe-udobrenie-podsolnechnika,1200,675,"[614.51,420.69, 1, 1 ]"
gQoHluPL7-Listovoe-udobrenie-podsolnechnika,1200,675,"[619.49,431.04, 1, 1 ]"
gQoHluPL7-Listovoe-udobrenie-podsolnechnika,1200,675,"[623.71,443.70, 1, 1 ]"
gQoHluPL7-Listovoe-udobrenie-podsolnechnika,1200,675,"[627.54,449.83, 1, 1 ]"
gQoHluPL7-Listovoe-udobrenie-podsolnechnika,1200,675,"[632.91,462.87, 1, 1 ]"
gQoHluPL7-Listovoe-udobrenie-podsolnechnika,1200,675,"[637.90,474.75, 1, 1 ]"
gQoHluPL7-Listovoe-udobrenie-podsolnechnika,1200,675,"[641.73,488.56, 1, 1 ]"
gQoHluPL7-Listovoe-udobrenie-podsolnechnika,1200,675,"[644.80,498.91, 1, 1 ]"
gQoHluPL7-Listovoe-udobrenie-podsolnechnika,1200,675,"[618.34,446.76, 1, 1 ]"
gQoHluPL7-Listovoe-udobrenie-podsolnechnika,1200,675,"[618.34,457.88, 1, 1 ]"
gQoHluPL7-Listovoe-udobrenie-podsolnechnika,1200,675,"[620.26,467.47, 1, 1 ]"
gQoHluPL7-Listovoe-udobrenie-podsolnechnika,1200,675,"[622.18,486.26, 1, 1 ]"
gQoHluPL7-Listovoe-udobrenie-podsolnechnika,1200,675,"[620.64,494.69, 1, 1 ]"
gQoHluPL7-Listovoe-udobrenie-podsolnechnika,1200,675,"[627.93,465.55, 1, 1 ]"
gQoHluPL7-Listovoe-udobrenie-podsolnechnika,1200,675,"[627.16,481.27, 1, 1 ]"
gQoHluPL7-Listovoe-udobrenie-podsolnechnika,1200,675,"[633.30,491.24, 1, 1 ]"
gQoHluPL7-Listovoe-udobrenie-podsolnechnika,1200,675,"[636.75,508.88, 1, 1 ]"
gQoHluPL7-Listovoe-udobrenie-podsolnechnika,1200,675,"[591.12,464.78, 1, 1 ]"
gQoHluPL7-Listovoe-udobrenie-podsolnechnika,1200,675,"[591.89,479.35, 1, 1 ]"
gQoHluPL7-Listovoe-udobrenie-podsolnechnika,1200,675,"[592.27,491.24, 1, 1 ]"
gQoHluPL7-Listovoe-udobrenie-podsolnechnika,1200,675,"[602.62,514.24, 1, 1 ]"
gQoHluPL7-Listovoe-udobrenie-podsolnechnika,1200,675,"[605.69,523.83, 1, 1 ]"
gQoHluPL7-Listovoe-udobrenie-podsolnechnika,1200,675,"[608.37,531.88, 1, 1 ]"
gQoHluPL7-Listovoe-udobrenie-podsolnechnika,1200,675,"[614.51,548.75, 1, 1 ]"
gQoHluPL7-Listovoe-udobrenie-podsolnechnika,1200,675,"[578.47,533.42, 1, 1 ]"
gQoHluPL7-Listovoe-udobrenie-podsolnechnika,1200,675,"[586.52,529.96, 1, 1 ]"
gQoHluPL7-Listovoe-udobrenie-podsolnechnika,1200,675,"[588.82,523.06, 1, 1 ]"
gQoHluPL7-Listovoe-udobrenie-podsolnechnika,1200,675,"[584.60,521.15, 1, 1 ]"
gQoHluPL7-Listovoe-udobrenie-podsolnechnika,1200,675,"[568.88,516.93, 1, 1 ]"
gQoHluPL7-Listovoe-udobrenie-podsolnechnika,1200,675,"[574.63,511.94, 1, 1 ]"
gQoHluPL7-Listovoe-udobrenie-podsolnechnika,1200,675,"[584.98,509.26, 1, 1 ]"
gQoHluPL7-Listovoe-udobrenie-podsolnechnika,1200,675,"[583.07,493.16, 1, 1 ]"
gQoHluPL7-Listovoe-udobrenie-podsolnechnika,1200,675,"[576.55,478.97, 1, 1 ]"
gQoHluPL7-Listovoe-udobrenie-podsolnechnika,1200,675,"[571.18,466.70, 1, 1 ]"
gQoHluPL7-Listovoe-udobrenie-podsolnechnika,1200,675,"[576.17,463.63, 1, 1 ]"
gQoHluPL7-Listovoe-udobrenie-podsolnechnika,1200,675,"[564.28,457.50, 1, 1 ]"
gQoHluPL7-Listovoe-udobrenie-podsolnechnika,1200,675,"[560.06,474.37, 1, 1 ]"
gQoHluPL7-Listovoe-udobrenie-podsolnechnika,1200,675,"[555.46,488.17, 1, 1 ]"
gQoHluPL7-Listovoe-udobrenie-podsolnechnika,1200,675,"[541.66,463.25, 1, 1 ]"
gQoHluPL7-Listovoe-udobrenie-podsolnechnika,1200,675,"[548.56,451.75, 1, 1 ]"
gQoHluPL7-Listovoe-udobrenie-podsolnechnika,1200,675,"[566.58,447.15, 1, 1 ]"
gQoHluPL7-Listovoe-udobrenie-podsolnechnika,1200,675,"[578.08,453.66, 1, 1 ]"
gQoHluPL7-Listovoe-udobrenie-podsolnechnika,1200,675,"[576.93,439.09, 1, 1 ]"
gQoHluPL7-Listovoe-udobrenie-podsolnechnika,1200,675,"[576.55,428.74, 1, 1 ]"
gQoHluPL7-Listovoe-udobrenie-podsolnechnika,1200,675,"[596.10,436.79, 1, 1 ]"
gQoHluPL7-Listovoe-udobrenie-podsolnechnika,1200,675,"[599.55,444.08, 1, 1 ]"
gQoHluPL7-Listovoe-udobrenie-podsolnechnika,1200,675,"[601.09,454.43, 1, 1 ]"
gQoHluPL7-Listovoe-udobrenie-podsolnechnika,1200,675,"[602.62,466.70, 1, 1 ]"
gQoHluPL7-Listovoe-udobrenie-podsolnechnika,1200,675,"[604.92,479.74, 1, 1 ]"
gQoHluPL7-Listovoe-udobrenie-podsolnechnika,1200,675,"[607.61,488.94, 1, 1 ]"
gQoHluPL7-Listovoe-udobrenie-podsolnechnika,1200,675,"[606.46,541.47, 1, 1 ]"
gQoHluPL7-Listovoe-udobrenie-podsolnechnika,1200,675,"[393.28,503.89, 1, 1 ]"
gQoHluPL7-Listovoe-udobrenie-podsolnechnika,1200,675,"[387.91,498.91, 1, 1 ]"
gQoHluPL7-Listovoe-udobrenie-podsolnechnika,1200,675,"[400.56,502.74, 1, 1 ]"
gQoHluPL7-Listovoe-udobrenie-podsolnechnika,1200,675,"[401.71,510.03, 1, 1 ]"
gQoHluPL7-Listovoe-udobrenie-podsolnechnika,1200,675,"[398.26,463.25, 1, 1 ]"
gQoHluPL7-Listovoe-udobrenie-podsolnechnika,1200,675,"[402.48,470.54, 1, 1 ]"
gQoHluPL7-Listovoe-udobrenie-podsolnechnika,1200,675,"[390.21,459.80, 1, 1 ]"
gQoHluPL7-Listovoe-udobrenie-podsolnechnika,1200,675,"[395.96,449.06, 1, 1 ]"
gQoHluPL7-Listovoe-udobrenie-podsolnechnika,1200,675,"[401.71,462.10, 1, 1 ]"
gQoHluPL7-Listovoe-udobrenie-podsolnechnika,1200,675,"[414.36,441.40, 1, 1 ]"
gQoHluPL7-Listovoe-udobrenie-podsolnechnika,1200,675,"[418.97,432.19, 1, 1 ]"
gQoHluPL7-Listovoe-udobrenie-podsolnechnika,1200,675,"[428.55,423.76, 1, 1 ]"
gQoHluPL7-Listovoe-udobrenie-podsolnechnika,1200,675,"[442.74,451.36, 1, 1 ]"
gQoHluPL7-Listovoe-udobrenie-podsolnechnika,1200,675,"[448.87,462.10, 1, 1 ]"
gQoHluPL7-Listovoe-udobrenie-podsolnechnika,1200,675,"[450.41,471.30, 1, 1 ]"
gQoHluPL7-Listovoe-udobrenie-podsolnechnika,1200,675,"[449.26,427.98, 1, 1 ]"
gQoHluPL7-Listovoe-udobrenie-podsolnechnika,1200,675,"[456.92,442.55, 1, 1 ]"
gQoHluPL7-Listovoe-udobrenie-podsolnechnika,1200,675,"[461.52,428.74, 1, 1 ]"
gQoHluPL7-Listovoe-udobrenie-podsolnechnika,1200,675,"[462.29,439.09, 1, 1 ]"
gQoHluPL7-Listovoe-udobrenie-podsolnechnika,1200,675,"[461.91,462.87, 1, 1 ]"
gQoHluPL7-Listovoe-udobrenie-podsolnechnika,1200,675,"[462.67,490.09, 1, 1 ]"
gQoHluPL7-Listovoe-udobrenie-podsolnechnika,1200,675,"[578.47,413.02, 1, 1 ]"
gQoHluPL7-Listovoe-udobrenie-podsolnechnika,1200,675,"[575.40,398.45, 1, 1 ]"
gQoHluPL7-Listovoe-udobrenie-podsolnechnika,1200,675,"[582.30,387.33, 1, 1 ]"
gQoHluPL7-Listovoe-udobrenie-podsolnechnika,1200,675,"[596.87,390.40, 1, 1 ]"
gQoHluPL7-Listovoe-udobrenie-podsolnechnika,1200,675,"[593.42,404.97, 1, 1 ]"
gQoHluPL7-Listovoe-udobrenie-podsolnechnika,1200,675,"[590.35,414.94, 1, 1 ]"
gQoHluPL7-Listovoe-udobrenie-podsolnechnika,1200,675,"[600.70,413.41, 1, 1 ]"
gQoHluPL7-Listovoe-udobrenie-podsolnechnika,1200,675,"[601.47,424.52, 1, 1 ]"
gQoHluPL7-Listovoe-udobrenie-podsolnechnika,1200,675,"[487.60,381.20, 1, 1 ]"
gQoHluPL7-Listovoe-udobrenie-podsolnechnika,1200,675,"[489.13,394.62, 1, 1 ]"
gQoHluPL7-Listovoe-udobrenie-podsolnechnika,1200,675,"[498.33,392.70, 1, 1 ]"
gQoHluPL7-Listovoe-udobrenie-podsolnechnika,1200,675,"[506.00,382.35, 1, 1 ]"
gQoHluPL7-Listovoe-udobrenie-podsolnechnika,1200,675,"[516.74,382.35, 1, 1 ]"
gQoHluPL7-Listovoe-udobrenie-podsolnechnika,1200,675,"[520.57,396.15, 1, 1 ]"
gQoHluPL7-Listovoe-udobrenie-podsolnechnika,1200,675,"[519.80,405.74, 1, 1 ]"
gQoHluPL7-Listovoe-udobrenie-podsolnechnika,1200,675,"[487.98,261.96, 1, 1 ]"
gQoHluPL7-Listovoe-udobrenie-podsolnechnika,1200,675,"[483.76,276.14, 1, 1 ]"
gQoHluPL7-Listovoe-udobrenie-podsolnechnika,1200,675,"[478.01,271.93, 1, 1 ]"
gQoHluPL7-Listovoe-udobrenie-podsolnechnika,1200,675,"[479.93,286.49, 1, 1 ]"
gQoHluPL7-Listovoe-udobrenie-podsolnechnika,1200,675,"[478.40,261.19, 1, 1 ]"
gQoHluPL7-Listovoe-udobrenie-podsolnechnika,1200,675,"[479.16,252.75, 1, 1 ]"
gQoHluPL7-Listovoe-udobrenie-podsolnechnika,1200,675,"[478.01,246.24, 1, 1 ]"
gQoHluPL7-Listovoe-udobrenie-podsolnechnika,1200,675,"[476.48,241.25, 1, 1 ]"
gQoHluPL7-Listovoe-udobrenie-podsolnechnika,1200,675,"[469.58,241.25, 1, 1 ]"
gQoHluPL7-Listovoe-udobrenie-podsolnechnika,1200,675,"[472.26,252.37, 1, 1 ]"
gQoHluPL7-Listovoe-udobrenie-podsolnechnika,1200,675,"[473.03,260.42, 1, 1 ]"
gQoHluPL7-Listovoe-udobrenie-podsolnechnika,1200,675,"[473.79,270.39, 1, 1 ]"
gQoHluPL7-Listovoe-udobrenie-podsolnechnika,1200,675,"[471.49,281.89, 1, 1 ]"
gQoHluPL7-Listovoe-udobrenie-podsolnechnika,1200,675,"[461.14,250.84, 1, 1 ]"
gQoHluPL7-Listovoe-udobrenie-podsolnechnika,1200,675,"[464.21,261.57, 1, 1 ]"
gQoHluPL7-Listovoe-udobrenie-podsolnechnika,1200,675,"[466.51,268.47, 1, 1 ]"
gQoHluPL7-Listovoe-udobrenie-podsolnechnika,1200,675,"[467.28,281.51, 1, 1 ]"
gQoHluPL7-Listovoe-udobrenie-podsolnechnika,1200,675,"[454.62,261.96, 1, 1 ]"
gQoHluPL7-Listovoe-udobrenie-podsolnechnika,1200,675,"[460.76,270.77, 1, 1 ]"
gQoHluPL7-Listovoe-udobrenie-podsolnechnika,1200,675,"[462.29,280.36, 1, 1 ]"
gQoHluPL7-Listovoe-udobrenie-podsolnechnika,1200,675,"[462.67,293.78, 1, 1 ]"
gQoHluPL7-Listovoe-udobrenie-podsolnechnika,1200,675,"[449.64,270.01, 1, 1 ]"
gQoHluPL7-Listovoe-udobrenie-podsolnechnika,1200,675,"[451.94,282.66, 1, 1 ]"
gQoHluPL7-Listovoe-udobrenie-podsolnechnika,1200,675,"[453.47,289.95, 1, 1 ]"
gQoHluPL7-Listovoe-udobrenie-podsolnechnika,1200,675,"[455.39,299.53, 1, 1 ]"
gQoHluPL7-Listovoe-udobrenie-podsolnechnika,1200,675,"[439.67,278.06, 1, 1 ]"
gQoHluPL7-Listovoe-udobrenie-podsolnechnika,1200,675,"[442.74,288.80, 1, 1 ]"
gQoHluPL7-Listovoe-udobrenie-podsolnechnika,1200,675,"[447.72,299.15, 1, 1 ]"
gQoHluPL7-Listovoe-udobrenie-podsolnechnika,1200,675,"[449.26,307.58, 1, 1 ]"
gQoHluPL7-Listovoe-udobrenie-podsolnechnika,1200,675,"[432.77,290.71, 1, 1 ]"
gQoHluPL7-Listovoe-udobrenie-podsolnechnika,1200,675,"[439.29,300.30, 1, 1 ]"
gQoHluPL7-Listovoe-udobrenie-podsolnechnika,1200,675,"[443.89,307.97, 1, 1 ]"
gQoHluPL7-Listovoe-udobrenie-podsolnechnika,1200,675,"[448.11,315.63, 1, 1 ]"
gQoHluPL7-Listovoe-udobrenie-podsolnechnika,1200,675,"[424.33,298.38, 1, 1 ]"
gQoHluPL7-Listovoe-udobrenie-podsolnechnika,1200,675,"[432.00,304.90, 1, 1 ]"
gQoHluPL7-Listovoe-udobrenie-podsolnechnika,1200,675,"[437.37,313.33, 1, 1 ]"
gQoHluPL7-Listovoe-udobrenie-podsolnechnika,1200,675,"[441.59,317.94, 1, 1 ]"
gQoHluPL7-Listovoe-udobrenie-podsolnechnika,1200,675,"[415.90,314.87, 1, 1 ]"
gQoHluPL7-Listovoe-udobrenie-podsolnechnika,1200,675,"[423.57,317.55, 1, 1 ]"
gQoHluPL7-Listovoe-udobrenie-podsolnechnika,1200,675,"[432.77,321.39, 1, 1 ]"
gQoHluPL7-Listovoe-udobrenie-podsolnechnika,1200,675,"[438.52,324.45, 1, 1 ]"
gQoHluPL7-Listovoe-udobrenie-podsolnechnika,1200,675,"[410.53,329.82, 1, 1 ]"
gQoHluPL7-Listovoe-udobrenie-podsolnechnika,1200,675,"[417.43,329.82, 1, 1 ]"
gQoHluPL7-Listovoe-udobrenie-podsolnechnika,1200,675,"[425.10,330.20, 1, 1 ]"
gQoHluPL7-Listovoe-udobrenie-podsolnechnika,1200,675,"[436.60,330.97, 1, 1 ]"
gQoHluPL7-Listovoe-udobrenie-podsolnechnika,1200,675,"[443.12,331.74, 1, 1 ]"
gQoHluPL7-Listovoe-udobrenie-podsolnechnika,1200,675,"[409.76,339.79, 1, 1 ]"
gQoHluPL7-Listovoe-udobrenie-podsolnechnika,1200,675,"[414.36,340.56, 1, 1 ]"
gQoHluPL7-Listovoe-udobrenie-podsolnechnika,1200,675,"[422.80,341.32, 1, 1 ]"
gQoHluPL7-Listovoe-udobrenie-podsolnechnika,1200,675,"[435.45,342.47, 1, 1 ]"
gQoHluPL7-Listovoe-udobrenie-podsolnechnika,1200,675,"[508.11,413.12, 1, 1 ]"
gQoHluPL7-Listovoe-udobrenie-podsolnechnika,1200,675,"[504.60,414.72, 1, 1 ]"
gQoHluPL7-Listovoe-udobrenie-podsolnechnika,1200,675,"[499.48,400.34, 1, 1 ]"
gQoHluPL7-Listovoe-udobrenie-podsolnechnika,1200,675,"[514.50,394.91, 1, 1 ]"
gQoHluPL7-Listovoe-udobrenie-podsolnechnika,1200,675,"[405.93,347.46, 1, 1 ]"
gQoHluPL7-Listovoe-udobrenie-podsolnechnika,1200,675,"[413.60,351.29, 1, 1 ]"
gQoHluPL7-Listovoe-udobrenie-podsolnechnika,1200,675,"[423.18,350.91, 1, 1 ]"
gQoHluPL7-Listovoe-udobrenie-podsolnechnika,1200,675,"[400.95,357.81, 1, 1 ]"
gQoHluPL7-Listovoe-udobrenie-podsolnechnika,1200,675,"[407.85,358.96, 1, 1 ]"
gQoHluPL7-Listovoe-udobrenie-podsolnechnika,1200,675,"[418.20,358.96, 1, 1 ]"
gQoHluPL7-Listovoe-udobrenie-podsolnechnika,1200,675,"[428.55,360.49, 1, 1 ]"
gQoHluPL7-Listovoe-udobrenie-podsolnechnika,1200,675,"[491.81,228.60, 1, 1 ]"
gQoHluPL7-Listovoe-udobrenie-podsolnechnika,1200,675,"[491.43,237.42, 1, 1 ]"
gQoHluPL7-Listovoe-udobrenie-podsolnechnika,1200,675,"[515.97,355.51, 1, 1 ]"
gQoHluPL7-Listovoe-udobrenie-podsolnechnika,1200,675,"[513.67,360.11, 1, 1 ]"
gQoHluPL7-Listovoe-udobrenie-podsolnechnika,1200,675,"[506.00,367.40, 1, 1 ]"
gQoHluPL7-Listovoe-udobrenie-podsolnechnika,1200,675,"[508.30,372.76, 1, 1 ]"
gQoHluPL7-Listovoe-udobrenie-podsolnechnika,1200,675,"[490.28,353.21, 1, 1 ]"
gQoHluPL7-Listovoe-udobrenie-podsolnechnika,1200,675,"[484.53,353.59, 1, 1 ]"
gQoHluPL7-Listovoe-udobrenie-podsolnechnika,1200,675,"[479.55,367.01, 1, 1 ]"
gQoHluPL7-Listovoe-udobrenie-podsolnechnika,1200,675,"[474.94,380.05, 1, 1 ]"
gQoHluPL7-Listovoe-udobrenie-podsolnechnika,1200,675,"[459.22,395.39, 1, 1 ]"
gQoHluPL7-Listovoe-udobrenie-podsolnechnika,1200,675,"[468.81,390.78, 1, 1 ]"
gQoHluPL7-Listovoe-udobrenie-podsolnechnika,1200,675,"[474.94,370.08, 1, 1 ]"
gQoHluPL7-Listovoe-udobrenie-podsolnechnika,1200,675,"[465.36,367.40, 1, 1 ]"
gQoHluPL7-Listovoe-udobrenie-podsolnechnika,1200,675,"[460.76,378.13, 1, 1 ]"
gQoHluPL7-Listovoe-udobrenie-podsolnechnika,1200,675,"[454.62,386.95, 1, 1 ]"
gQoHluPL7-Listovoe-udobrenie-podsolnechnika,1200,675,"[452.32,372.00, 1, 1 ]"
gQoHluPL7-Listovoe-udobrenie-podsolnechnika,1200,675,"[465.36,352.83, 1, 1 ]"
gQoHluPL7-Listovoe-udobrenie-podsolnechnika,1200,675,"[483.76,335.19, 1, 1 ]"
gQoHluPL7-Listovoe-udobrenie-podsolnechnika,1200,675,"[496.42,324.07, 1, 1 ]"
gQoHluPL7-Listovoe-udobrenie-podsolnechnika,1200,675,"[485.68,324.07, 1, 1 ]"
gQoHluPL7-Listovoe-udobrenie-podsolnechnika,1200,675,"[482.23,303.37, 1, 1 ]"
gQoHluPL7-Listovoe-udobrenie-podsolnechnika,1200,675,"[472.26,310.27, 1, 1 ]"
gQoHluPL7-Listovoe-udobrenie-podsolnechnika,1200,675,"[471.49,299.91, 1, 1 ]"
gQoHluPL7-Listovoe-udobrenie-podsolnechnika,1200,675,"[552.20,357.20, 1, 1 ]"
gQoHluPL7-Listovoe-udobrenie-podsolnechnika,1200,675,"[555.40,364.87, 1, 1 ]"
gQoHluPL7-Listovoe-udobrenie-podsolnechnika,1200,675,"[559.87,374.78, 1, 1 ]"
gQoHluPL7-Listovoe-udobrenie-podsolnechnika,1200,675,"[565.62,376.05, 1, 1 ]"
gQoHluPL7-Listovoe-udobrenie-podsolnechnika,1200,675,"[571.69,380.21, 1, 1 ]"
gQoHluPL7-Listovoe-udobrenie-podsolnechnika,1200,675,"[585.75,376.05, 1, 1 ]"
gQoHluPL7-Listovoe-udobrenie-podsolnechnika,1200,675,"[575.53,362.00, 1, 1 ]"
gQoHluPL7-Listovoe-udobrenie-podsolnechnika,1200,675,"[566.90,346.98, 1, 1 ]"
gQoHluPL7-Listovoe-udobrenie-podsolnechnika,1200,675,"[571.05,343.14, 1, 1 ]"
gQoHluPL7-Listovoe-udobrenie-podsolnechnika,1200,675,"[584.47,354.01, 1, 1 ]"
gQoHluPL7-Listovoe-udobrenie-podsolnechnika,1200,675,"[589.91,368.39, 1, 1 ]"
gQoHluPL7-Listovoe-udobrenie-podsolnechnika,1200,675,"[538.14,350.49, 1, 1 ]"
gQoHluPL7-Listovoe-udobrenie-podsolnechnika,1200,675,"[544.53,365.51, 1, 1 ]"
gQoHluPL7-Listovoe-udobrenie-podsolnechnika,1200,675,"[563.71,396.18, 1, 1 ]"
gQoHluPL7-Listovoe-udobrenie-podsolnechnika,1200,675,"[551.88,411.84, 1, 1 ]"
gQoHluPL7-Listovoe-udobrenie-podsolnechnika,1200,675,"[562.11,420.47, 1, 1 ]"
gQoHluPL7-Listovoe-udobrenie-podsolnechnika,1200,675,"[567.54,433.89, 1, 1 ]"
gQoHluPL7-Listovoe-udobrenie-podsolnechnika,1200,675,"[553.80,426.86, 1, 1 ]"
gQoHluPL7-Listovoe-udobrenie-podsolnechnika,1200,675,"[536.23,425.26, 1, 1 ]"
gQoHluPL7-Listovoe-udobrenie-podsolnechnika,1200,675,"[535.91,437.40, 1, 1 ]"
gQoHluPL7-Listovoe-udobrenie-podsolnechnika,1200,675,"[528.56,429.73, 1, 1 ]"
gQoHluPL7-Listovoe-udobrenie-podsolnechnika,1200,675,"[518.01,422.06, 1, 1 ]"
gQoHluPL7-Listovoe-udobrenie-podsolnechnika,1200,675,"[529.84,416.31, 1, 1 ]"
gQoHluPL7-Listovoe-udobrenie-podsolnechnika,1200,675,"[539.74,408.33, 1, 1 ]"
gQoHluPL7-Listovoe-udobrenie-podsolnechnika,1200,675,"[548.69,407.05, 1, 1 ]"
gQoHluPL7-Listovoe-udobrenie-podsolnechnika,1200,675,"[552.78,214.88, 1, 1 ]"
gQoHluPL7-Listovoe-udobrenie-podsolnechnika,1200,675,"[551.40,225.46, 1, 1 ]"
gQoHluPL7-Listovoe-udobrenie-podsolnechnika,1200,675,"[558.76,217.64, 1, 1 ]"
gQoHluPL7-Listovoe-udobrenie-podsolnechnika,1200,675,"[566.12,208.90, 1, 1 ]"
gQoHluPL7-Listovoe-udobrenie-podsolnechnika,1200,675,"[540.36,237.89, 1, 1 ]"
gQoHluPL7-Listovoe-udobrenie-podsolnechnika,1200,675,"[515.97,263.65, 1, 1 ]"
gQoHluPL7-Listovoe-udobrenie-podsolnechnika,1200,675,"[522.41,268.71, 1, 1 ]"
gQoHluPL7-Listovoe-udobrenie-podsolnechnika,1200,675,"[391.49,394.59, 1, 1 ]"
gQoHluPL7-Listovoe-udobrenie-podsolnechnika,1200,675,"[405.87,395.23, 1, 1 ]"
gQoHluPL7-Listovoe-udobrenie-podsolnechnika,1200,675,"[399.48,400.02, 1, 1 ]"
gQoHluPL7-Listovoe-udobrenie-podsolnechnika,1200,675,"[387.33,404.81, 1, 1 ]"
gQoHluPL7-Listovoe-udobrenie-podsolnechnika,1200,675,"[378.71,406.41, 1, 1 ]"
gQoHluPL7-Listovoe-udobrenie-podsolnechnika,1200,675,"[368.16,417.27, 1, 1 ]"
gQoHluPL7-Listovoe-udobrenie-podsolnechnika,1200,675,"[373.91,412.80, 1, 1 ]"
gQoHluPL7-Listovoe-udobrenie-podsolnechnika,1200,675,"[385.74,408.96, 1, 1 ]"
gQoHluPL7-Listovoe-udobrenie-podsolnechnika,1200,675,"[397.24,409.28, 1, 1 ]"
gQoHluPL7-Listovoe-udobrenie-podsolnechnika,1200,675,"[385.74,418.23, 1, 1 ]"
gQoHluPL7-Listovoe-udobrenie-podsolnechnika,1200,675,"[377.75,423.02, 1, 1 ]"
gQoHluPL7-Listovoe-udobrenie-podsolnechnika,1200,675,"[368.80,430.05, 1, 1 ]"
gQoHluPL7-Listovoe-udobrenie-podsolnechnika,1200,675,"[364.33,436.76, 1, 1 ]"
gQoHluPL7-Listovoe-udobrenie-podsolnechnika,1200,675,"[371.04,423.66, 1, 1 ]"
gQoHluPL7-Listovoe-udobrenie-podsolnechnika,1200,675,"[365.93,427.18, 1, 1 ]"
gQoHluPL7-Listovoe-udobrenie-podsolnechnika,1200,675,"[357.30,492.68, 1, 1 ]"
gQoHluPL7-Listovoe-udobrenie-podsolnechnika,1200,675,"[359.86,485.97, 1, 1 ]"
gQoHluPL7-Listovoe-udobrenie-podsolnechnika,1200,675,"[357.62,481.17, 1, 1 ]"
gQoHluPL7-Listovoe-udobrenie-podsolnechnika,1200,675,"[363.37,468.07, 1, 1 ]"
gQoHluPL7-Listovoe-udobrenie-podsolnechnika,1200,675,"[393.66,369.31, 1, 1 ]"
gQoHluPL7-Listovoe-udobrenie-podsolnechnika,1200,675,"[401.33,369.70, 1, 1 ]"
gQoHluPL7-Listovoe-udobrenie-podsolnechnika,1200,675,"[418.20,370.08, 1, 1 ]"
gQoHluPL7-Listovoe-udobrenie-podsolnechnika,1200,675,"[426.25,368.55, 1, 1 ]"
gQoHluPL7-Listovoe-udobrenie-podsolnechnika,1200,675,"[384.84,385.80, 1, 1 ]"
gQoHluPL7-Listovoe-udobrenie-podsolnechnika,1200,675,"[390.98,385.80, 1, 1 ]"
gQoHluPL7-Listovoe-udobrenie-podsolnechnika,1200,675,"[405.93,383.88, 1, 1 ]"
gQoHluPL7-Listovoe-udobrenie-podsolnechnika,1200,675,"[514.44,287.26, 1, 1 ]"
gQoHluPL7-Listovoe-udobrenie-podsolnechnika,1200,675,"[508.30,296.85, 1, 1 ]"
gQoHluPL7-Listovoe-udobrenie-podsolnechnika,1200,675,"[504.47,288.03, 1, 1 ]"
gQoHluPL7-Listovoe-udobrenie-podsolnechnika,1200,675,"[498.33,299.91, 1, 1 ]"
gQoHluPL7-Listovoe-udobrenie-podsolnechnika,1200,675,"[524.41,296.85, 1, 1 ]"
gQoHluPL7-Listovoe-udobrenie-podsolnechnika,1200,675,"[519.42,306.82, 1, 1 ]"
gQoHluPL7-Listovoe-udobrenie-podsolnechnika,1200,675,"[510.99,314.87, 1, 1 ]"
gQoHluPL7-Listovoe-udobrenie-podsolnechnika,1200,675,"[551.90,207.40, 1, 1 ]"
gQoHluPL7-Listovoe-udobrenie-podsolnechnika,1200,675,"[500.44,437.40, 1, 1 ]"
gQoHluPL7-Listovoe-udobrenie-podsolnechnika,1200,675,"[513.22,400.98, 1, 1 ]"
gQoHluPL7-Listovoe-udobrenie-podsolnechnika,1200,675,"[517.12,321.77, 1, 1 ]"
gQoHluPL7-Listovoe-udobrenie-podsolnechnika,1200,675,"[514.05,329.05, 1, 1 ]"
gQoHluPL7-Listovoe-udobrenie-podsolnechnika,1200,675,"[510.60,335.19, 1, 1 ]"
gQoHluPL7-Listovoe-udobrenie-podsolnechnika,1200,675,"[501.40,337.49, 1, 1 ]"
gQoHluPL7-Listovoe-udobrenie-podsolnechnika,1200,675,"[500.25,344.01, 1, 1 ]"
gQoHluPL7-Listovoe-udobrenie-podsolnechnika,1200,675,"[498.72,350.53, 1, 1 ]"
gQoHluPL7-Listovoe-udobrenie-podsolnechnika,1200,675,"[494.88,360.49, 1, 1 ]"
59781c04252f8,740,555,"[341.16,10.10, 1, 1 ]"
59781c04252f8,740,555,"[328.83,15.83, 1, 1 ]"
59781c04252f8,740,555,"[336.86,26.45, 1, 1 ]"
59781c04252f8,740,555,"[346.61,35.05, 1, 1 ]"
59781c04252f8,740,555,"[348.62,17.84, 1, 1 ]"
59781c04252f8,740,555,"[357.80,26.45, 1, 1 ]"
59781c04252f8,740,555,"[362.10,10.10, 1, 1 ]"
59781c04252f8,740,555,"[369.56,20.71, 1, 1 ]"
59781c04252f8,740,555,"[373.57,28.45, 1, 1 ]"
59781c04252f8,740,555,"[377.87,11.82, 1, 1 ]"
59781c04252f8,740,555,"[386.48,21.57, 1, 1 ]"
59781c04252f8,740,555,"[391.36,9.81, 1, 1 ]"
59781c04252f8,740,555,"[397.95,16.41, 1, 1 ]"
59781c04252f8,740,555,"[402.54,25.01, 1, 1 ]"
59781c04252f8,740,555,"[389.35,31.90, 1, 1 ]"
59781c04252f8,740,555,"[392.79,44.23, 1, 1 ]"
59781c04252f8,740,555,"[404.84,39.93, 1, 1 ]"
59781c04252f8,740,555,"[418.03,35.05, 1, 1 ]"
59781c04252f8,740,555,"[415.74,22.43, 1, 1 ]"
59781c04252f8,740,555,"[413.16,14.11, 1, 1 ]"
59781c04252f8,740,555,"[431.51,19.56, 1, 1 ]"
59781c04252f8,740,555,"[434.38,29.89, 1, 1 ]"
59781c04252f8,740,555,"[433.81,42.22, 1, 1 ]"
59781c04252f8,740,555,"[422.05,46.52, 1, 1 ]"
59781c04252f8,740,555,"[410.57,52.55, 1, 1 ]"
59781c04252f8,740,555,"[396.81,59.43, 1, 1 ]"
59781c04252f8,740,555,"[384.76,64.59, 1, 1 ]"
59781c04252f8,740,555,"[382.75,51.11, 1, 1 ]"
59781c04252f8,740,555,"[373.29,57.42, 1, 1 ]"
59781c04252f8,740,555,"[370.13,45.66, 1, 1 ]"
59781c04252f8,740,555,"[377.30,40.79, 1, 1 ]"
59781c04252f8,740,555,"[362.10,36.77, 1, 1 ]"
59781c04252f8,740,555,"[352.06,45.38, 1, 1 ]"
59781c04252f8,740,555,"[357.80,53.12, 1, 1 ]"
59781c04252f8,740,555,"[360.09,65.45, 1, 1 ]"
59781c04252f8,740,555,"[364.11,83.53, 1, 1 ]"
59781c04252f8,740,555,"[374.72,72.91, 1, 1 ]"
59781c04252f8,740,555,"[376.44,88.69, 1, 1 ]"
59781c04252f8,740,555,"[387.91,77.79, 1, 1 ]"
59781c04252f8,740,555,"[400.25,72.63, 1, 1 ]"
59781c04252f8,740,555,"[412.87,67.18, 1, 1 ]"
59781c04252f8,740,555,"[424.05,62.87, 1, 1 ]"
59781c04252f8,740,555,"[437.25,58.57, 1, 1 ]"
59781c04252f8,740,555,"[451.88,55.99, 1, 1 ]"
59781c04252f8,740,555,"[450.73,45.66, 1, 1 ]"
59781c04252f8,740,555,"[451.02,30.46, 1, 1 ]"
59781c04252f8,740,555,"[463.92,26.73, 1, 1 ]"
59781c04252f8,740,555,"[463.06,39.93, 1, 1 ]"
59781c04252f8,740,555,"[463.35,52.55, 1, 1 ]"
59781c04252f8,740,555,"[442.99,19.27, 1, 1 ]"
59781c04252f8,740,555,"[474.25,31.61, 1, 1 ]"
59781c04252f8,740,555,"[478.27,41.93, 1, 1 ]"
59781c04252f8,740,555,"[478.27,52.26, 1, 1 ]"
59781c04252f8,740,555,"[479.41,65.17, 1, 1 ]"
59781c04252f8,740,555,"[467.94,66.60, 1, 1 ]"
59781c04252f8,740,555,"[454.46,68.61, 1, 1 ]"
59781c04252f8,740,555,"[442.13,72.63, 1, 1 ]"
59781c04252f8,740,555,"[426.35,74.92, 1, 1 ]"
59781c04252f8,740,555,"[416.60,80.08, 1, 1 ]"
59781c04252f8,740,555,"[401.68,87.25, 1, 1 ]"
59781c04252f8,740,555,"[392.79,92.99, 1, 1 ]"
59781c04252f8,740,555,"[378.73,104.46, 1, 1 ]"
59781c04252f8,740,555,"[372.42,115.08, 1, 1 ]"
59781c04252f8,740,555,"[364.39,108.19, 1, 1 ]"
59781c04252f8,740,555,"[368.12,100.16, 1, 1 ]"
59781c04252f8,740,555,"[356.36,93.85, 1, 1 ]"
59781c04252f8,740,555,"[352.06,105.04, 1, 1 ]"
59781c04252f8,740,555,"[339.15,100.16, 1, 1 ]"
59781c04252f8,740,555,"[344.89,88.98, 1, 1 ]"
59781c04252f8,740,555,"[334.56,84.39, 1, 1 ]"
59781c04252f8,740,555,"[338.58,76.64, 1, 1 ]"
59781c04252f8,740,555,"[331.69,64.02, 1, 1 ]"
59781c04252f8,740,555,"[326.82,72.05, 1, 1 ]"
59781c04252f8,740,555,"[343.74,51.69, 1, 1 ]"
59781c04252f8,740,555,"[335.71,41.93, 1, 1 ]"
59781c04252f8,740,555,"[326.82,50.25, 1, 1 ]"
59781c04252f8,740,555,"[317.64,57.14, 1, 1 ]"
59781c04252f8,740,555,"[311.90,68.61, 1, 1 ]"
59781c04252f8,740,555,"[307.03,78.65, 1, 1 ]"
59781c04252f8,740,555,"[296.99,70.90, 1, 1 ]"
59781c04252f8,740,555,"[299.28,60.87, 1, 1 ]"
59781c04252f8,740,555,"[311.04,51.11, 1, 1 ]"
59781c04252f8,740,555,"[318.79,43.37, 1, 1 ]"
59781c04252f8,740,555,"[327.39,35.62, 1, 1 ]"
59781c04252f8,740,555,"[320.51,22.72, 1, 1 ]"
59781c04252f8,740,555,"[307.60,31.32, 1, 1 ]"
59781c04252f8,740,555,"[301.58,41.65, 1, 1 ]"
59781c04252f8,740,555,"[293.83,49.68, 1, 1 ]"
59781c04252f8,740,555,"[287.23,61.15, 1, 1 ]"
59781c04252f8,740,555,"[282.07,72.05, 1, 1 ]"
59781c04252f8,740,555,"[271.17,65.17, 1, 1 ]"
59781c04252f8,740,555,"[275.19,54.84, 1, 1 ]"
59781c04252f8,740,555,"[284.94,45.09, 1, 1 ]"
59781c04252f8,740,555,"[293.26,35.91, 1, 1 ]"
59781c04252f8,740,555,"[299.86,27.31, 1, 1 ]"
59781c04252f8,740,555,"[310.47,18.13, 1, 1 ]"
59781c04252f8,740,555,"[270.31,46.24, 1, 1 ]"
59781c04252f8,740,555,"[275.19,43.37, 1, 1 ]"
59781c04252f8,740,555,"[265.72,36.48, 1, 1 ]"
59781c04252f8,740,555,"[256.83,43.37, 1, 1 ]"
59781c04252f8,740,555,"[249.37,53.69, 1, 1 ]"
59781c04252f8,740,555,"[260.27,58.00, 1, 1 ]"
59781c04252f8,740,555,"[254.54,66.32, 1, 1 ]"
59781c04252f8,740,555,"[241.34,63.73, 1, 1 ]"
59781c04252f8,740,555,"[231.59,57.42, 1, 1 ]"
59781c04252f8,740,555,"[237.33,52.26, 1, 1 ]"
59781c04252f8,740,555,"[224.99,66.60, 1, 1 ]"
59781c04252f8,740,555,"[214.38,63.16, 1, 1 ]"
59781c04252f8,740,555,"[221.26,78.36, 1, 1 ]"
59781c04252f8,740,555,"[209.79,74.35, 1, 1 ]"
59781c04252f8,740,555,"[197.17,71.19, 1, 1 ]"
59781c04252f8,740,555,"[233.02,82.66, 1, 1 ]"
59781c04252f8,740,555,"[242.49,85.82, 1, 1 ]"
59781c04252f8,740,555,"[238.19,74.06, 1, 1 ]"
59781c04252f8,740,555,"[250.23,76.64, 1, 1 ]"
59781c04252f8,740,555,"[258.26,84.10, 1, 1 ]"
59781c04252f8,740,555,"[256.83,94.71, 1, 1 ]"
59781c04252f8,740,555,"[264.86,75.49, 1, 1 ]"
59781c04252f8,740,555,"[273.47,82.95, 1, 1 ]"
59781c04252f8,740,555,"[270.60,93.85, 1, 1 ]"
59781c04252f8,740,555,"[280.64,99.59, 1, 1 ]"
59781c04252f8,740,555,"[287.81,90.41, 1, 1 ]"
59781c04252f8,740,555,"[291.54,81.80, 1, 1 ]"
59781c04252f8,740,555,"[302.72,91.56, 1, 1 ]"
59781c04252f8,740,555,"[298.13,102.46, 1, 1 ]"
59781c04252f8,740,555,"[295.84,116.22, 1, 1 ]"
59781c04252f8,740,555,"[282.07,115.94, 1, 1 ]"
59781c04252f8,740,555,"[269.45,115.65, 1, 1 ]"
59781c04252f8,740,555,"[269.45,105.32, 1, 1 ]"
59781c04252f8,740,555,"[256.83,108.77, 1, 1 ]"
59781c04252f8,740,555,"[239.62,98.15, 1, 1 ]"
59781c04252f8,740,555,"[239.33,109.91, 1, 1 ]"
59781c04252f8,740,555,"[225.85,105.32, 1, 1 ]"
59781c04252f8,740,555,"[228.15,93.85, 1, 1 ]"
59781c04252f8,740,555,"[212.94,88.11, 1, 1 ]"
59781c04252f8,740,555,"[212.08,101.60, 1, 1 ]"
59781c04252f8,740,555,"[197.17,98.44, 1, 1 ]"
59781c04252f8,740,555,"[206.92,112.78, 1, 1 ]"
59781c04252f8,740,555,"[225.28,117.37, 1, 1 ]"
59781c04252f8,740,555,"[237.33,123.11, 1, 1 ]"
59781c04252f8,740,555,"[237.33,135.44, 1, 1 ]"
59781c04252f8,740,555,"[254.82,131.71, 1, 1 ]"
59781c04252f8,740,555,"[253.39,119.09, 1, 1 ]"
59781c04252f8,740,555,"[268.88,132.86, 1, 1 ]"
59781c04252f8,740,555,"[284.65,129.71, 1, 1 ]"
59781c04252f8,740,555,"[284.94,142.90, 1, 1 ]"
59781c04252f8,740,555,"[298.13,146.06, 1, 1 ]"
59781c04252f8,740,555,"[297.56,131.71, 1, 1 ]"
59781c04252f8,740,555,"[313.62,136.88, 1, 1 ]"
59781c04252f8,740,555,"[313.91,147.20, 1, 1 ]"
59781c04252f8,740,555,"[308.17,119.38, 1, 1 ]"
59781c04252f8,740,555,"[311.90,108.19, 1, 1 ]"
59781c04252f8,740,555,"[315.63,95.00, 1, 1 ]"
59781c04252f8,740,555,"[319.36,85.25, 1, 1 ]"
59781c04252f8,740,555,"[327.68,97.58, 1, 1 ]"
59781c04252f8,740,555,"[324.52,110.77, 1, 1 ]"
59781c04252f8,740,555,"[323.09,124.26, 1, 1 ]"
59781c04252f8,740,555,"[325.67,139.74, 1, 1 ]"
59781c04252f8,740,555,"[328.54,150.36, 1, 1 ]"
59781c04252f8,740,555,"[339.44,146.34, 1, 1 ]"
59781c04252f8,740,555,"[337.14,129.71, 1, 1 ]"
59781c04252f8,740,555,"[338.29,116.80, 1, 1 ]"
59781c04252f8,740,555,"[349.48,122.53, 1, 1 ]"
59781c04252f8,740,555,"[353.21,135.16, 1, 1 ]"
59781c04252f8,740,555,"[352.92,151.79, 1, 1 ]"
59781c04252f8,740,555,"[364.97,144.33, 1, 1 ]"
59781c04252f8,740,555,"[363.25,129.71, 1, 1 ]"
59781c04252f8,740,555,"[371.56,136.88, 1, 1 ]"
59781c04252f8,740,555,"[387.63,149.50, 1, 1 ]"
59781c04252f8,740,555,"[394.51,140.89, 1, 1 ]"
59781c04252f8,740,555,"[386.19,127.41, 1, 1 ]"
59781c04252f8,740,555,"[393.65,113.36, 1, 1 ]"
59781c04252f8,740,555,"[403.98,124.83, 1, 1 ]"
59781c04252f8,740,555,"[411.72,114.79, 1, 1 ]"
59781c04252f8,740,555,"[403.40,104.75, 1, 1 ]"
59781c04252f8,740,555,"[416.60,94.71, 1, 1 ]"
59781c04252f8,740,555,"[426.92,90.12, 1, 1 ]"
59781c04252f8,740,555,"[438.97,87.54, 1, 1 ]"
59781c04252f8,740,555,"[454.46,81.80, 1, 1 ]"
59781c04252f8,740,555,"[464.21,79.51, 1, 1 ]"
59781c04252f8,740,555,"[480.27,77.79, 1, 1 ]"
59781c04252f8,740,555,"[492.03,76.93, 1, 1 ]"
59781c04252f8,740,555,"[505.80,76.35, 1, 1 ]"
59781c04252f8,740,555,"[519.86,76.07, 1, 1 ]"
59781c04252f8,740,555,"[521.87,67.46, 1, 1 ]"
59781c04252f8,740,555,"[508.10,62.59, 1, 1 ]"
59781c04252f8,740,555,"[493.18,60.58, 1, 1 ]"
59781c04252f8,740,555,"[493.18,50.83, 1, 1 ]"
59781c04252f8,740,555,"[492.03,40.50, 1, 1 ]"
59781c04252f8,740,555,"[507.52,50.83, 1, 1 ]"
59781c04252f8,740,555,"[520.43,53.69, 1, 1 ]"
59781c04252f8,740,555,"[349.08,528.01, 1, 1 ]"
59781c04252f8,740,555,"[341.15,513.64, 1, 1 ]"
59781c04252f8,740,555,"[339.17,499.26, 1, 1 ]"
59781c04252f8,740,555,"[350.57,490.34, 1, 1 ]"
59781c04252f8,740,555,"[331.73,484.39, 1, 1 ]"
59781c04252f8,740,555,"[321.32,492.82, 1, 1 ]"
59781c04252f8,740,555,"[323.31,506.20, 1, 1 ]"
59781c04252f8,740,555,"[308.93,515.12, 1, 1 ]"
59781c04252f8,740,555,"[315.87,526.03, 1, 1 ]"
59781c04252f8,740,555,"[304.47,500.75, 1, 1 ]"
59781c04252f8,740,555,"[287.62,506.70, 1, 1 ]"
59781c04252f8,740,555,"[289.60,521.57, 1, 1 ]"
59781c04252f8,740,555,"[264.82,510.17, 1, 1 ]"
59781c04252f8,740,555,"[249.95,508.18, 1, 1 ]"
59781c04252f8,740,555,"[250.45,491.33, 1, 1 ]"
59781c04252f8,740,555,"[270.77,490.34, 1, 1 ]"
59781c04252f8,740,555,"[286.63,484.89, 1, 1 ]"
59781c04252f8,740,555,"[302.49,481.42, 1, 1 ]"
59781c04252f8,740,555,"[318.35,474.48, 1, 1 ]"
59781c04252f8,740,555,"[330.74,463.08, 1, 1 ]"
59781c04252f8,740,555,"[327.77,446.23, 1, 1 ]"
59781c04252f8,740,555,"[318.35,454.16, 1, 1 ]"
59781c04252f8,740,555,"[302.49,461.59, 1, 1 ]"
59781c04252f8,740,555,"[289.60,466.05, 1, 1 ]"
59781c04252f8,740,555,"[267.30,474.48, 1, 1 ]"
59781c04252f8,740,555,"[247.97,469.03, 1, 1 ]"
59781c04252f8,740,555,"[229.13,469.52, 1, 1 ]"
59781c04252f8,740,555,"[214.26,479.93, 1, 1 ]"
59781c04252f8,740,555,"[228.14,486.37, 1, 1 ]"
59781c04252f8,740,555,"[210.79,463.57, 1, 1 ]"
59781c04252f8,740,555,"[194.44,462.58, 1, 1 ]"
59781c04252f8,740,555,"[190.97,447.22, 1, 1 ]"
59781c04252f8,740,555,"[208.81,445.73, 1, 1 ]"
59781c04252f8,740,555,"[230.12,451.18, 1, 1 ]"
59781c04252f8,740,555,"[249.95,451.18, 1, 1 ]"
59781c04252f8,740,555,"[263.83,450.69, 1, 1 ]"
59781c04252f8,740,555,"[284.65,449.70, 1, 1 ]"
59781c04252f8,740,555,"[304.97,441.27, 1, 1 ]"
59781c04252f8,740,555,"[313.39,435.32, 1, 1 ]"
59781c04252f8,740,555,"[304.97,425.41, 1, 1 ]"
59781c04252f8,740,555,"[284.65,429.37, 1, 1 ]"
59781c04252f8,740,555,"[267.79,430.37, 1, 1 ]"
59781c04252f8,740,555,"[250.45,432.84, 1, 1 ]"
59781c04252f8,740,555,"[234.58,433.34, 1, 1 ]"
59781c04252f8,740,555,"[216.25,430.86, 1, 1 ]"
59781c04252f8,740,555,"[198.90,429.87, 1, 1 ]"
59781c04252f8,740,555,"[183.53,429.37, 1, 1 ]"
59781c04252f8,740,555,"[151.32,113.65, 1, 1 ]"
59781c04252f8,740,555,"[160.24,127.03, 1, 1 ]"
59781c04252f8,740,555,"[165.19,113.15, 1, 1 ]"
59781c04252f8,740,555,"[178.08,110.18, 1, 1 ]"
59781c04252f8,740,555,"[183.53,93.82, 1, 1 ]"
59781c04252f8,740,555,"[191.96,112.66, 1, 1 ]"
59781c04252f8,740,555,"[190.47,125.54, 1, 1 ]"
59781c04252f8,740,555,"[174.61,124.55, 1, 1 ]"
59781c04252f8,740,555,"[173.62,139.42, 1, 1 ]"
59781c04252f8,740,555,"[189.48,139.42, 1, 1 ]"
59781c04252f8,740,555,"[187.50,153.30, 1, 1 ]"
59781c04252f8,740,555,"[177.59,155.28, 1, 1 ]"
59781c04252f8,740,555,"[158.75,157.26, 1, 1 ]"
59781c04252f8,740,555,"[145.37,159.25, 1, 1 ]"
59781c04252f8,740,555,"[131.99,160.73, 1, 1 ]"
59781c04252f8,740,555,"[143.39,142.39, 1, 1 ]"
59781c04252f8,740,555,"[159.74,138.43, 1, 1 ]"
59781c04252f8,740,555,"[117.61,175.11, 1, 1 ]"
59781c04252f8,740,555,"[127.03,176.59, 1, 1 ]"
59781c04252f8,740,555,"[143.88,174.61, 1, 1 ]"
59781c04252f8,740,555,"[160.73,170.65, 1, 1 ]"
59781c04252f8,740,555,"[175.60,169.16, 1, 1 ]"
59781c04252f8,740,555,"[189.98,169.16, 1, 1 ]"
59781c04252f8,740,555,"[206.33,173.12, 1, 1 ]"
59781c04252f8,740,555,"[204.85,155.28, 1, 1 ]"
59781c04252f8,740,555,"[201.38,139.42, 1, 1 ]"
59781c04252f8,740,555,"[209.31,124.55, 1, 1 ]"
59781c04252f8,740,555,"[219.22,132.48, 1, 1 ]"
59781c04252f8,740,555,"[222.19,145.37, 1, 1 ]"
59781c04252f8,740,555,"[226.65,160.73, 1, 1 ]"
59781c04252f8,740,555,"[227.15,173.12, 1, 1 ]"
59781c04252f8,740,555,"[240.53,167.18, 1, 1 ]"
59781c04252f8,740,555,"[238.05,151.32, 1, 1 ]"
59781c04252f8,740,555,"[251.44,149.33, 1, 1 ]"
59781c04252f8,740,555,"[254.91,163.21, 1, 1 ]"
59781c04252f8,740,555,"[270.77,164.70, 1, 1 ]"
59781c04252f8,740,555,"[269.28,145.86, 1, 1 ]"
59781c04252f8,740,555,"[287.12,160.73, 1, 1 ]"
59781c04252f8,740,555,"[303.48,164.70, 1, 1 ]"
59781c04252f8,740,555,"[316.86,164.20, 1, 1 ]"
59781c04252f8,740,555,"[330.74,177.09, 1, 1 ]"
59781c04252f8,740,555,"[346.11,179.07, 1, 1 ]"
59781c04252f8,740,555,"[340.16,164.20, 1, 1 ]"
59781c04252f8,740,555,"[355.52,169.16, 1, 1 ]"
59781c04252f8,740,555,"[358.99,179.57, 1, 1 ]"
59781c04252f8,740,555,"[350.07,192.95, 1, 1 ]"
59781c04252f8,740,555,"[333.71,192.95, 1, 1 ]"
59781c04252f8,740,555,"[319.84,185.52, 1, 1 ]"
59781c04252f8,740,555,"[308.44,180.06, 1, 1 ]"
59781c04252f8,740,555,"[294.06,177.09, 1, 1 ]"
59781c04252f8,740,555,"[278.70,176.10, 1, 1 ]"
59781c04252f8,740,555,"[262.84,181.05, 1, 1 ]"
59781c04252f8,740,555,"[246.98,187.50, 1, 1 ]"
59781c04252f8,740,555,"[232.60,193.94, 1, 1 ]"
59781c04252f8,740,555,"[217.24,203.36, 1, 1 ]"
59781c04252f8,740,555,"[213.27,186.01, 1, 1 ]"
59781c04252f8,740,555,"[195.43,183.04, 1, 1 ]"
59781c04252f8,740,555,"[202.86,200.39, 1, 1 ]"
59781c04252f8,740,555,"[187.50,203.85, 1, 1 ]"
59781c04252f8,740,555,"[180.06,188.49, 1, 1 ]"
59781c04252f8,740,555,"[161.23,187.00, 1, 1 ]"
59781c04252f8,740,555,"[170.65,202.86, 1, 1 ]"
59781c04252f8,740,555,"[149.83,190.97, 1, 1 ]"
59781c04252f8,740,555,"[151.81,201.38, 1, 1 ]"
59781c04252f8,740,555,"[133.97,192.45, 1, 1 ]"
59781c04252f8,740,555,"[140.41,207.32, 1, 1 ]"
59781c04252f8,740,555,"[121.08,209.80, 1, 1 ]"
59781c04252f8,740,555,"[128.52,218.72, 1, 1 ]"
59781c04252f8,740,555,"[135.95,230.62, 1, 1 ]"
59781c04252f8,740,555,"[143.88,238.05, 1, 1 ]"
59781c04252f8,740,555,"[152.80,251.44, 1, 1 ]"
59781c04252f8,740,555,"[163.71,259.37, 1, 1 ]"
59781c04252f8,740,555,"[173.62,270.77, 1, 1 ]"
59781c04252f8,740,555,"[186.51,277.21, 1, 1 ]"
59781c04252f8,740,555,"[201.38,285.14, 1, 1 ]"
59781c04252f8,740,555,"[215.25,292.08, 1, 1 ]"
59781c04252f8,740,555,"[233.10,298.03, 1, 1 ]"
59781c04252f8,740,555,"[239.54,281.18, 1, 1 ]"
59781c04252f8,740,555,"[254.41,285.14, 1, 1 ]"
59781c04252f8,740,555,"[272.75,287.12, 1, 1 ]"
59781c04252f8,740,555,"[287.62,291.58, 1, 1 ]"
59781c04252f8,740,555,"[300.51,277.21, 1, 1 ]"
59781c04252f8,740,555,"[306.45,267.79, 1, 1 ]"
59781c04252f8,740,555,"[314.38,255.40, 1, 1 ]"
59781c04252f8,740,555,"[323.80,244.00, 1, 1 ]"
59781c04252f8,740,555,"[333.22,233.59, 1, 1 ]"
59781c04252f8,740,555,"[342.64,230.62, 1, 1 ]"
59781c04252f8,740,555,"[350.07,221.70, 1, 1 ]"
59781c04252f8,740,555,"[341.65,213.27, 1, 1 ]"
59781c04252f8,740,555,"[345.61,205.34, 1, 1 ]"
59781c04252f8,740,555,"[328.26,217.73, 1, 1 ]"
59781c04252f8,740,555,"[324.79,204.85, 1, 1 ]"
59781c04252f8,740,555,"[313.39,194.93, 1, 1 ]"
59781c04252f8,740,555,"[306.95,209.80, 1, 1 ]"
59781c04252f8,740,555,"[293.57,204.85, 1, 1 ]"
59781c04252f8,740,555,"[299.51,193.45, 1, 1 ]"
59781c04252f8,740,555,"[284.15,189.98, 1, 1 ]"
59781c04252f8,740,555,"[268.78,194.93, 1, 1 ]"
59781c04252f8,740,555,"[276.71,207.32, 1, 1 ]"
59781c04252f8,740,555,"[290.10,215.25, 1, 1 ]"
59781c04252f8,740,555,"[296.54,224.67, 1, 1 ]"
59781c04252f8,740,555,"[300.51,240.04, 1, 1 ]"
59781c04252f8,740,555,"[299.02,252.43, 1, 1 ]"
59781c04252f8,740,555,"[290.59,261.85, 1, 1 ]"
59781c04252f8,740,555,"[278.70,272.25, 1, 1 ]"
59781c04252f8,740,555,"[267.30,266.31, 1, 1 ]"
59781c04252f8,740,555,"[274.73,254.41, 1, 1 ]"
59781c04252f8,740,555,"[284.15,246.48, 1, 1 ]"
59781c04252f8,740,555,"[281.18,232.60, 1, 1 ]"
59781c04252f8,740,555,"[270.27,224.18, 1, 1 ]"
59781c04252f8,740,555,"[256.89,212.28, 1, 1 ]"
59781c04252f8,740,555,"[250.94,198.90, 1, 1 ]"
59781c04252f8,740,555,"[237.56,210.79, 1, 1 ]"
59781c04252f8,740,555,"[245.98,222.69, 1, 1 ]"
59781c04252f8,740,555,"[258.87,230.62, 1, 1 ]"
59781c04252f8,740,555,"[264.32,244.50, 1, 1 ]"
59781c04252f8,740,555,"[254.91,254.91, 1, 1 ]"
59781c04252f8,740,555,"[248.96,266.80, 1, 1 ]"
59781c04252f8,740,555,"[229.13,262.34, 1, 1 ]"
59781c04252f8,740,555,"[225.17,275.72, 1, 1 ]"
59781c04252f8,740,555,"[208.32,270.77, 1, 1 ]"
59781c04252f8,740,555,"[198.90,263.83, 1, 1 ]"
59781c04252f8,740,555,"[181.05,256.89, 1, 1 ]"
59781c04252f8,740,555,"[170.65,247.97, 1, 1 ]"
59781c04252f8,740,555,"[159.74,238.05, 1, 1 ]"
59781c04252f8,740,555,"[148.84,227.65, 1, 1 ]"
59781c04252f8,740,555,"[145.37,216.74, 1, 1 ]"
59781c04252f8,740,555,"[159.25,214.76, 1, 1 ]"
59781c04252f8,740,555,"[165.69,222.69, 1, 1 ]"
59781c04252f8,740,555,"[177.09,233.10, 1, 1 ]"
59781c04252f8,740,555,"[185.52,242.02, 1, 1 ]"
59781c04252f8,740,555,"[201.38,249.95, 1, 1 ]"
59781c04252f8,740,555,"[213.27,256.39, 1, 1 ]"
59781c04252f8,740,555,"[223.68,245.49, 1, 1 ]"
59781c04252f8,740,555,"[228.14,232.60, 1, 1 ]"
59781c04252f8,740,555,"[223.18,219.22, 1, 1 ]"
59781c04252f8,740,555,"[212.28,224.67, 1, 1 ]"
59781c04252f8,740,555,"[211.29,239.05, 1, 1 ]"
59781c04252f8,740,555,"[197.91,230.62, 1, 1 ]"
59781c04252f8,740,555,"[185.02,220.21, 1, 1 ]"
59781c04252f8,740,555,"[175.60,212.28, 1, 1 ]"
59781c04252f8,740,555,"[198.90,213.77, 1, 1 ]"
59781c04252f8,740,555,"[605.04,235.33, 1, 1 ]"
59781c04252f8,740,555,"[593.48,239.87, 1, 1 ]"
59781c04252f8,740,555,"[600.08,251.44, 1, 1 ]"
59781c04252f8,740,555,"[610.41,247.72, 1, 1 ]"
59781c04252f8,740,555,"[623.63,239.05, 1, 1 ]"
59781c04252f8,740,555,"[627.76,252.26, 1, 1 ]"
59781c04252f8,740,555,"[619.50,258.87, 1, 1 ]"
59781c04252f8,740,555,"[606.69,264.65, 1, 1 ]"
59781c04252f8,740,555,"[593.48,269.61, 1, 1 ]"
59781c04252f8,740,555,"[580.67,271.26, 1, 1 ]"
59781c04252f8,740,555,"[564.56,272.92, 1, 1 ]"
59781c04252f8,740,555,"[570.76,261.35, 1, 1 ]"
59781c04252f8,740,555,"[557.13,261.76, 1, 1 ]"
59781c04252f8,740,555,"[549.28,253.50, 1, 1 ]"
59781c04252f8,740,555,"[562.08,250.61, 1, 1 ]"
59781c04252f8,740,555,"[576.13,246.48, 1, 1 ]"
59781c04252f8,740,555,"[571.17,237.81, 1, 1 ]"
59781c04252f8,740,555,"[557.13,238.63, 1, 1 ]"
59781c04252f8,740,555,"[537.30,242.76, 1, 1 ]"
59781c04252f8,740,555,"[517.89,242.35, 1, 1 ]"
59781c04252f8,740,555,"[517.48,233.26, 1, 1 ]"
59781c04252f8,740,555,"[504.67,225.42, 1, 1 ]"
59781c04252f8,740,555,"[501.37,235.33, 1, 1 ]"
59781c04252f8,740,555,"[483.19,234.50, 1, 1 ]"
59781c04252f8,740,555,"[486.91,222.52, 1, 1 ]"
59781c04252f8,740,555,"[470.80,221.70, 1, 1 ]"
59781c04252f8,740,555,"[472.04,209.31, 1, 1 ]"
59781c04252f8,740,555,"[453.46,211.78, 1, 1 ]"
59781c04252f8,740,555,"[447.67,222.52, 1, 1 ]"
59781c04252f8,740,555,"[443.13,235.33, 1, 1 ]"
59781c04252f8,740,555,"[431.56,226.24, 1, 1 ]"
59781c04252f8,740,555,"[419.17,222.11, 1, 1 ]"
59781c04252f8,740,555,"[416.69,211.78, 1, 1 ]"
59781c04252f8,740,555,"[435.28,210.55, 1, 1 ]"
59781c04252f8,740,555,"[412.15,206.83, 1, 1 ]"
59781c04252f8,740,555,"[409.26,219.63, 1, 1 ]"
59781c04252f8,740,555,"[393.98,220.05, 1, 1 ]"
59781c04252f8,740,555,"[396.46,205.59, 1, 1 ]"
59781c04252f8,740,555,"[384.48,208.89, 1, 1 ]"
59781c04252f8,740,555,"[379.93,218.39, 1, 1 ]"
59781c04252f8,740,555,"[372.09,211.78, 1, 1 ]"
59781c04252f8,740,555,"[377.87,203.11, 1, 1 ]"
59781c04252f8,740,555,"[367.54,194.02, 1, 1 ]"
59781c04252f8,740,555,"[360.52,203.94, 1, 1 ]"
59781c04252f8,740,555,"[355.98,189.07, 1, 1 ]"
59781c04252f8,740,555,"[355.15,229.96, 1, 1 ]"
59781c04252f8,740,555,"[360.93,220.05, 1, 1 ]"
59781c04252f8,740,555,"[370.43,231.20, 1, 1 ]"
59781c04252f8,740,555,"[361.76,239.05, 1, 1 ]"
59781c04252f8,740,555,"[372.09,244.42, 1, 1 ]"
59781c04252f8,740,555,"[359.69,251.02, 1, 1 ]"
59781c04252f8,740,555,"[368.78,259.28, 1, 1 ]"
59781c04252f8,740,555,"[369.19,269.20, 1, 1 ]"
59781c04252f8,740,555,"[378.69,275.39, 1, 1 ]"
59781c04252f8,740,555,"[376.22,286.55, 1, 1 ]"
59781c04252f8,740,555,"[384.06,291.91, 1, 1 ]"
59781c04252f8,740,555,"[392.33,307.20, 1, 1 ]"
59781c04252f8,740,555,"[402.24,292.33, 1, 1 ]"
59781c04252f8,740,555,"[420.82,297.70, 1, 1 ]"
59781c04252f8,740,555,"[424.96,289.02, 1, 1 ]"
59781c04252f8,740,555,"[424.96,277.46, 1, 1 ]"
59781c04252f8,740,555,"[422.89,268.78, 1, 1 ]"
59781c04252f8,740,555,"[409.67,260.11, 1, 1 ]"
59781c04252f8,740,555,"[398.52,248.55, 1, 1 ]"
59781c04252f8,740,555,"[411.74,246.07, 1, 1 ]"
59781c04252f8,740,555,"[404.72,236.57, 1, 1 ]"
59781c04252f8,740,555,"[391.91,233.26, 1, 1 ]"
59781c04252f8,740,555,"[384.48,241.52, 1, 1 ]"
59781c04252f8,740,555,"[382.41,231.20, 1, 1 ]"
59781c04252f8,740,555,"[384.06,254.74, 1, 1 ]"
59781c04252f8,740,555,"[377.04,260.94, 1, 1 ]"
59781c04252f8,740,555,"[416.69,237.39, 1, 1 ]"
59781c04252f8,740,555,"[424.96,242.76, 1, 1 ]"
59781c04252f8,740,555,"[437.35,253.50, 1, 1 ]"
59781c04252f8,740,555,"[448.09,260.11, 1, 1 ]"
59781c04252f8,740,555,"[453.04,272.50, 1, 1 ]"
59781c04252f8,740,555,"[467.91,269.61, 1, 1 ]"
59781c04252f8,740,555,"[462.96,257.63, 1, 1 ]"
59781c04252f8,740,555,"[453.04,246.48, 1, 1 ]"
59781c04252f8,740,555,"[459.65,238.22, 1, 1 ]"
59781c04252f8,740,555,"[489.80,247.72, 1, 1 ]"
59781c04252f8,740,555,"[480.72,254.74, 1, 1 ]"
59781c04252f8,740,555,"[481.13,263.83, 1, 1 ]"
59781c04252f8,740,555,"[492.69,261.35, 1, 1 ]"
59781c04252f8,740,555,"[506.74,253.09, 1, 1 ]"
59781c04252f8,740,555,"[520.78,262.59, 1, 1 ]"
59781c04252f8,740,555,"[526.98,253.50, 1, 1 ]"
59781c04252f8,740,555,"[537.30,263.00, 1, 1 ]"
59781c04252f8,740,555,"[531.52,271.26, 1, 1 ]"
59781c04252f8,740,555,"[538.95,283.65, 1, 1 ]"
59781c04252f8,740,555,"[550.11,272.92, 1, 1 ]"
59781c04252f8,740,555,"[557.05,284.65, 1, 1 ]"
59781c04252f8,740,555,"[571.67,282.04, 1, 1 ]"
59781c04252f8,740,555,"[586.29,282.33, 1, 1 ]"
59781c04252f8,740,555,"[599.51,280.06, 1, 1 ]"
59781c04252f8,740,555,"[613.84,277.46, 1, 1 ]"
59781c04252f8,740,555,"[623.30,274.32, 1, 1 ]"
59781c04252f8,740,555,"[616.69,291.50, 1, 1 ]"
59781c04252f8,740,555,"[606.07,291.25, 1, 1 ]"
59781c04252f8,740,555,"[592.61,294.97, 1, 1 ]"
59781c04252f8,740,555,"[575.38,294.68, 1, 1 ]"
59781c04252f8,740,555,"[562.79,297.82, 1, 1 ]"
59781c04252f8,740,555,"[548.45,296.95, 1, 1 ]"
59781c04252f8,740,555,"[530.65,295.84, 1, 1 ]"
59781c04252f8,740,555,"[520.33,282.91, 1, 1 ]"
59781c04252f8,740,555,"[509.13,270.31, 1, 1 ]"
59781c04252f8,740,555,"[500.54,278.61, 1, 1 ]"
59781c04252f8,740,555,"[510.00,290.39, 1, 1 ]"
59781c04252f8,740,555,"[519.46,304.14, 1, 1 ]"
59781c04252f8,740,555,"[536.97,308.15, 1, 1 ]"
59781c04252f8,740,555,"[553.04,308.44, 1, 1 ]"
59781c04252f8,740,555,"[568.53,309.59, 1, 1 ]"
59781c04252f8,740,555,"[581.13,308.15, 1, 1 ]"
59781c04252f8,740,555,"[597.48,305.30, 1, 1 ]"
59781c04252f8,740,555,"[606.65,303.85, 1, 1 ]"
59781c04252f8,740,555,"[617.27,303.27, 1, 1 ]"
59781c04252f8,740,555,"[610.99,317.36, 1, 1 ]"
59781c04252f8,740,555,"[600.66,319.34, 1, 1 ]"
59781c04252f8,740,555,"[586.29,321.08, 1, 1 ]"
59781c04252f8,740,555,"[574.85,323.06, 1, 1 ]"
59781c04252f8,740,555,"[560.47,324.21, 1, 1 ]"
59781c04252f8,740,555,"[545.56,321.08, 1, 1 ]"
59781c04252f8,740,555,"[528.38,318.76, 1, 1 ]"
59781c04252f8,740,555,"[516.03,324.50, 1, 1 ]"
59781c04252f8,740,555,"[509.13,313.60, 1, 1 ]"
59781c04252f8,740,555,"[500.83,298.98, 1, 1 ]"
59781c04252f8,740,555,"[484.19,283.49, 1, 1 ]"
59781c04252f8,740,555,"[473.57,287.21, 1, 1 ]"
59781c04252f8,740,555,"[482.45,299.27, 1, 1 ]"
59781c04252f8,740,555,"[493.35,311.91, 1, 1 ]"
59781c04252f8,740,555,"[503.97,329.38, 1, 1 ]"
59781c04252f8,740,555,"[487.32,331.98, 1, 1 ]"
59781c04252f8,740,555,"[481.05,313.31, 1, 1 ]"
59781c04252f8,740,555,"[470.14,300.42, 1, 1 ]"
59781c04252f8,740,555,"[457.50,288.94, 1, 1 ]"
59781c04252f8,740,555,"[439.16,288.07, 1, 1 ]"
59781c04252f8,740,555,"[438.01,276.01, 1, 1 ]"
59781c04252f8,740,555,"[432.27,265.15, 1, 1 ]"
59781c04252f8,740,555,"[419.38,254.53, 1, 1 ]"
59781c04252f8,740,555,"[450.36,301.87, 1, 1 ]"
59781c04252f8,740,555,"[462.96,317.61, 1, 1 ]"
59781c04252f8,740,555,"[470.43,333.38, 1, 1 ]"
59781c04252f8,740,555,"[452.92,332.27, 1, 1 ]"
59781c04252f8,740,555,"[449.20,317.07, 1, 1 ]"
59781c04252f8,740,555,"[434.29,302.12, 1, 1 ]"
59781c04252f8,740,555,"[431.69,316.49, 1, 1 ]"
59781c04252f8,740,555,"[434.29,330.82, 1, 1 ]"
59781c04252f8,740,555,"[421.94,324.50, 1, 1 ]"
59781c04252f8,740,555,"[414.22,339.13, 1, 1 ]"
59781c04252f8,740,555,"[429.42,344.87, 1, 1 ]"
59781c04252f8,740,555,"[410.75,307.03, 1, 1 ]"
59781c04252f8,740,555,"[397.57,323.06, 1, 1 ]"
59781c04252f8,740,555,"[444.91,349.74, 1, 1 ]"
59781c04252f8,740,555,"[463.24,349.45, 1, 1 ]"
59781c04252f8,740,555,"[479.60,347.47, 1, 1 ]"
59781c04252f8,740,555,"[491.66,346.31, 1, 1 ]"
59781c04252f8,740,555,"[509.71,344.29, 1, 1 ]"
59781c04252f8,740,555,"[523.75,340.57, 1, 1 ]"
59781c04252f8,740,555,"[540.40,348.05, 1, 1 ]"
59781c04252f8,740,555,"[534.08,334.54, 1, 1 ]"
59781c04252f8,740,555,"[550.73,337.14, 1, 1 ]"
59781c04252f8,740,555,"[555.89,352.05, 1, 1 ]"
59781c04252f8,740,555,"[568.24,352.05, 1, 1 ]"
59781c04252f8,740,555,"[566.22,336.56, 1, 1 ]"
59781c04252f8,740,555,"[579.43,336.28, 1, 1 ]"
59781c04252f8,740,555,"[583.44,349.16, 1, 1 ]"
59781c04252f8,740,555,"[597.19,349.16, 1, 1 ]"
59781c04252f8,740,555,"[594.34,333.96, 1, 1 ]"
59781c04252f8,740,555,"[602.93,334.83, 1, 1 ]"
59781c04252f8,740,555,"[607.52,351.19, 1, 1 ]"
59781c04252f8,740,555,"[415.50,356.72, 1, 1 ]"
59781c04252f8,740,555,"[410.13,371.59, 1, 1 ]"
59781c04252f8,740,555,"[422.11,379.85, 1, 1 ]"
59781c04252f8,740,555,"[432.43,381.50, 1, 1 ]"
59781c04252f8,740,555,"[429.54,364.98, 1, 1 ]"
59781c04252f8,740,555,"[452.67,366.63, 1, 1 ]"
59781c04252f8,740,555,"[455.56,384.81, 1, 1 ]"
59781c04252f8,740,555,"[471.26,382.74, 1, 1 ]"
59781c04252f8,740,555,"[469.61,368.29, 1, 1 ]"
59781c04252f8,740,555,"[485.71,364.98, 1, 1 ]"
59781c04252f8,740,555,"[487.78,380.26, 1, 1 ]"
59781c04252f8,740,555,"[502.24,380.68, 1, 1 ]"
59781c04252f8,740,555,"[501.41,368.29, 1, 1 ]"
59781c04252f8,740,555,"[512.97,362.09, 1, 1 ]"
59781c04252f8,740,555,"[520.41,374.07, 1, 1 ]"
59781c04252f8,740,555,"[530.74,371.59, 1, 1 ]"
59781c04252f8,740,555,"[527.43,355.07, 1, 1 ]"
59781c04252f8,740,555,"[541.89,362.09, 1, 1 ]"
59781c04252f8,740,555,"[547.67,375.31, 1, 1 ]"
59781c04252f8,740,555,"[559.65,381.50, 1, 1 ]"
59781c04252f8,740,555,"[560.47,368.70, 1, 1 ]"
59781c04252f8,740,555,"[574.10,367.87, 1, 1 ]"
59781c04252f8,740,555,"[576.17,382.33, 1, 1 ]"
59781c04252f8,740,555,"[588.56,385.22, 1, 1 ]"
59781c04252f8,740,555,"[587.73,369.94, 1, 1 ]"
59781c04252f8,740,555,"[603.84,366.22, 1, 1 ]"
59781c04252f8,740,555,"[598.06,381.50, 1, 1 ]"
59781c04252f8,740,555,"[588.56,400.09, 1, 1 ]"
59781c04252f8,740,555,"[578.65,400.09, 1, 1 ]"
59781c04252f8,740,555,"[563.78,397.20, 1, 1 ]"
59781c04252f8,740,555,"[552.63,395.13, 1, 1 ]"
59781c04252f8,740,555,"[532.80,388.11, 1, 1 ]"
59781c04252f8,740,555,"[518.76,391.42, 1, 1 ]"
59781c04252f8,740,555,"[534.04,401.33, 1, 1 ]"
59781c04252f8,740,555,"[550.56,408.76, 1, 1 ]"
59781c04252f8,740,555,"[562.95,412.89, 1, 1 ]"
59781c04252f8,740,555,"[573.28,414.96, 1, 1 ]"
59781c04252f8,740,555,"[585.26,415.79, 1, 1 ]"
59781c04252f8,740,555,"[576.58,426.94, 1, 1 ]"
59781c04252f8,740,555,"[560.89,426.94, 1, 1 ]"
59781c04252f8,740,555,"[549.73,422.81, 1, 1 ]"
59781c04252f8,740,555,"[534.04,418.26, 1, 1 ]"
59781c04252f8,740,555,"[520.82,410.42, 1, 1 ]"
59781c04252f8,740,555,"[507.60,400.50, 1, 1 ]"
59781c04252f8,740,555,"[492.32,401.74, 1, 1 ]"
59781c04252f8,740,555,"[503.47,413.72, 1, 1 ]"
59781c04252f8,740,555,"[518.76,422.81, 1, 1 ]"
59781c04252f8,740,555,"[534.04,431.07, 1, 1 ]"
59781c04252f8,740,555,"[527.02,452.55, 1, 1 ]"
59781c04252f8,740,555,"[514.63,442.63, 1, 1 ]"
59781c04252f8,740,555,"[496.45,431.48, 1, 1 ]"
59781c04252f8,740,555,"[485.71,415.37, 1, 1 ]"
59781c04252f8,740,555,"[472.50,403.39, 1, 1 ]"
59781c04252f8,740,555,"[464.24,419.92, 1, 1 ]"
59781c04252f8,740,555,"[482.41,433.96, 1, 1 ]"
59781c04252f8,740,555,"[492.32,447.18, 1, 1 ]"
59781c04252f8,740,555,"[505.95,455.02, 1, 1 ]"
59781c04252f8,740,555,"[522.47,464.94, 1, 1 ]"
59781c04252f8,740,555,"[532.39,472.37, 1, 1 ]"
59781c04252f8,740,555,"[508.02,484.35, 1, 1 ]"
59781c04252f8,740,555,"[496.87,473.61, 1, 1 ]"
59781c04252f8,740,555,"[481.17,460.81, 1, 1 ]"
59781c04252f8,740,555,"[472.91,447.18, 1, 1 ]"
59781c04252f8,740,555,"[456.39,434.37, 1, 1 ]"
59781c04252f8,740,555,"[446.89,419.09, 1, 1 ]"
59781c04252f8,740,555,"[434.50,401.33, 1, 1 ]"
59781c04252f8,740,555,"[449.37,402.16, 1, 1 ]"
59781c04252f8,740,555,"[435.74,434.37, 1, 1 ]"
59781c04252f8,740,555,"[428.30,420.74, 1, 1 ]"
59781c04252f8,740,555,"[416.74,397.20, 1, 1 ]"
59781c04252f8,740,555,"[403.52,388.11, 1, 1 ]"
59781c04252f8,740,555,"[412.19,417.02, 1, 1 ]"
59781c04252f8,740,555,"[418.39,431.07, 1, 1 ]"
59781c04252f8,740,555,"[427.06,447.59, 1, 1 ]"
59781c04252f8,740,555,"[420.45,462.46, 1, 1 ]"
59781c04252f8,740,555,"[414.26,445.11, 1, 1 ]"
59781c04252f8,740,555,"[403.52,429.42, 1, 1 ]"
59781c04252f8,740,555,"[398.56,408.76, 1, 1 ]"
59781c04252f8,740,555,"[390.71,385.22, 1, 1 ]"
59781c04252f8,740,555,"[445.24,472.37, 1, 1 ]"
59781c04252f8,740,555,"[458.87,459.16, 1, 1 ]"
59781c04252f8,740,555,"[450.61,445.94, 1, 1 ]"
59781c04252f8,740,555,"[471.26,476.50, 1, 1 ]"
59781c04252f8,740,555,"[455.15,483.94, 1, 1 ]"
59781c04252f8,740,555,"[472.50,503.35, 1, 1 ]"
59781c04252f8,740,555,"[484.47,490.55, 1, 1 ]"
59781c04252f8,740,555,"[501.82,494.26, 1, 1 ]"
59781c04252f8,740,555,"[463.00,513.26, 1, 1 ]"
59781c04252f8,740,555,"[449.78,500.46, 1, 1 ]"
59781c04252f8,740,555,"[436.56,481.05, 1, 1 ]"
59781c04252f8,740,555,"[422.11,486.00, 1, 1 ]"
59781c04252f8,740,555,"[430.37,498.39, 1, 1 ]"
59781c04252f8,740,555,"[436.15,514.50, 1, 1 ]"
59781c04252f8,740,555,"[427.89,524.00, 1, 1 ]"
59781c04252f8,740,555,"[420.04,512.02, 1, 1 ]"
59781c04252f8,740,555,"[408.06,494.68, 1, 1 ]"
59781c04252f8,740,555,"[403.93,485.59, 1, 1 ]"
59781c04252f8,740,555,"[410.95,474.02, 1, 1 ]"
59781c04252f8,740,555,"[403.52,458.74, 1, 1 ]"
59781c04252f8,740,555,"[393.61,471.13, 1, 1 ]"
59781c04252f8,740,555,"[382.45,451.72, 1, 1 ]"
59781c04252f8,740,555,"[393.61,442.22, 1, 1 ]"
59781c04252f8,740,555,"[387.00,423.63, 1, 1 ]"
59781c04252f8,740,555,"[379.15,433.13, 1, 1 ]"
59781c04252f8,740,555,"[365.11,427.76, 1, 1 ]"
59781c04252f8,740,555,"[374.61,414.55, 1, 1 ]"
59781c04252f8,740,555,"[385.76,401.74, 1, 1 ]"
59781c04252f8,740,555,"[379.56,370.76, 1, 1 ]"
59781c04252f8,740,555,"[373.78,389.76, 1, 1 ]"
59781c04252f8,740,555,"[362.63,405.46, 1, 1 ]"
59781c04252f8,740,555,"[351.89,393.48, 1, 1 ]"
59781c04252f8,740,555,"[360.98,381.92, 1, 1 ]"
59781c04252f8,740,555,"[367.17,361.68, 1, 1 ]"
59781c04252f8,740,555,"[351.06,365.39, 1, 1 ]"
59781c04252f8,740,555,"[343.63,380.68, 1, 1 ]"
59781c04252f8,740,555,"[332.48,391.00, 1, 1 ]"
59781c04252f8,740,555,"[339.91,407.94, 1, 1 ]"
59781c04252f8,740,555,"[330.41,421.16, 1, 1 ]"
59781c04252f8,740,555,"[319.26,412.89, 1, 1 ]"
59781c04252f8,740,555,"[349.41,420.74, 1, 1 ]"
59781c04252f8,740,555,"[342.80,433.55, 1, 1 ]"
59781c04252f8,740,555,"[352.71,437.68, 1, 1 ]"
59781c04252f8,740,555,"[343.63,452.96, 1, 1 ]"
59781c04252f8,740,555,"[344.45,475.68, 1, 1 ]"
59781c04252f8,740,555,"[356.02,463.29, 1, 1 ]"
59781c04252f8,740,555,"[363.87,478.98, 1, 1 ]"
59781c04252f8,740,555,"[375.43,467.42, 1, 1 ]"
59781c04252f8,740,555,"[382.87,482.29, 1, 1 ]"
59781c04252f8,740,555,"[391.95,497.15, 1, 1 ]"
59781c04252f8,740,555,"[398.56,510.37, 1, 1 ]"
59781c04252f8,740,555,"[409.71,525.65, 1, 1 ]"
59781c04252f8,740,555,"[388.65,525.24, 1, 1 ]"
59781c04252f8,740,555,"[378.74,511.61, 1, 1 ]"
59781c04252f8,740,555,"[370.89,494.26, 1, 1 ]"
59781c04252f8,740,555,"[359.32,503.76, 1, 1 ]"
59781c04252f8,740,555,"[364.28,520.29, 1, 1 ]"
59781c04252f8,740,555,"[372.95,529.37, 1, 1 ]"
59781c04252f8,740,555,"[165.19,415.50, 1, 1 ]"
59781c04252f8,740,555,"[170.15,401.12, 1, 1 ]"
59781c04252f8,740,555,"[185.52,410.54, 1, 1 ]"
59781c04252f8,740,555,"[155.28,394.68, 1, 1 ]"
59781c04252f8,740,555,"[141.90,383.28, 1, 1 ]"
59781c04252f8,740,555,"[129.51,373.37, 1, 1 ]"
59781c04252f8,740,555,"[137.44,358.50, 1, 1 ]"
59781c04252f8,740,555,"[153.79,368.91, 1, 1 ]"
59781c04252f8,740,555,"[161.72,380.80, 1, 1 ]"
59781c04252f8,740,555,"[180.06,387.74, 1, 1 ]"
59781c04252f8,740,555,"[193.94,391.71, 1, 1 ]"
59781c04252f8,740,555,"[200.39,412.03, 1, 1 ]"
59781c04252f8,740,555,"[209.80,398.15, 1, 1 ]"
59781c04252f8,740,555,"[226.16,398.64, 1, 1 ]"
59781c04252f8,740,555,"[223.68,418.47, 1, 1 ]"
59781c04252f8,740,555,"[240.04,415.50, 1, 1 ]"
59781c04252f8,740,555,"[246.98,400.13, 1, 1 ]"
59781c04252f8,740,555,"[264.32,397.16, 1, 1 ]"
59781c04252f8,740,555,"[256.89,415.00, 1, 1 ]"
59781c04252f8,740,555,"[276.22,412.03, 1, 1 ]"
59781c04252f8,740,555,"[278.20,393.69, 1, 1 ]"
59781c04252f8,740,555,"[292.58,406.08, 1, 1 ]"
59781c04252f8,740,555,"[296.54,379.81, 1, 1 ]"
59781c04252f8,740,555,"[306.95,396.66, 1, 1 ]"
59781c04252f8,740,555,"[319.84,381.30, 1, 1 ]"
59781c04252f8,740,555,"[334.71,364.94, 1, 1 ]"
59781c04252f8,740,555,"[345.11,353.04, 1, 1 ]"
59781c04252f8,740,555,"[359.49,341.65, 1, 1 ]"
59781c04252f8,740,555,"[372.38,335.20, 1, 1 ]"
59781c04252f8,740,555,"[380.80,317.85, 1, 1 ]"
59781c04252f8,740,555,"[385.76,337.18, 1, 1 ]"
59781c04252f8,740,555,"[377.83,349.08, 1, 1 ]"
59781c04252f8,740,555,"[374.36,307.45, 1, 1 ]"
59781c04252f8,740,555,"[396.66,278.20, 1, 1 ]"
59781c04252f8,740,555,"[387.74,269.28, 1, 1 ]"
59781c04252f8,740,555,"[395.67,263.33, 1, 1 ]"
59781c04252f8,740,555,"[363.95,320.83, 1, 1 ]"
59781c04252f8,740,555,"[351.06,326.78, 1, 1 ]"
59781c04252f8,740,555,"[356.51,307.94, 1, 1 ]"
59781c04252f8,740,555,"[365.44,297.53, 1, 1 ]"
59781c04252f8,740,555,"[362.96,283.65, 1, 1 ]"
59781c04252f8,740,555,"[359.98,272.75, 1, 1 ]"
59781c04252f8,740,555,"[350.07,268.78, 1, 1 ]"
59781c04252f8,740,555,"[351.56,258.87, 1, 1 ]"
59781c04252f8,740,555,"[357.01,257.88, 1, 1 ]"
59781c04252f8,740,555,"[338.18,259.86, 1, 1 ]"
59781c04252f8,740,555,"[336.19,273.74, 1, 1 ]"
59781c04252f8,740,555,"[334.71,285.64, 1, 1 ]"
59781c04252f8,740,555,"[343.63,287.62, 1, 1 ]"
59781c04252f8,740,555,"[351.56,296.54, 1, 1 ]"
59781c04252f8,740,555,"[340.65,300.51, 1, 1 ]"
59781c04252f8,740,555,"[344.12,311.91, 1, 1 ]"
59781c04252f8,740,555,"[336.19,315.38, 1, 1 ]"
59781c04252f8,740,555,"[336.19,332.23, 1, 1 ]"
59781c04252f8,740,555,"[313.39,311.41, 1, 1 ]"
59781c04252f8,740,555,"[320.33,299.51, 1, 1 ]"
59781c04252f8,740,555,"[304.97,298.52, 1, 1 ]"
59781c04252f8,740,555,"[311.91,282.66, 1, 1 ]"
59781c04252f8,740,555,"[318.35,269.78, 1, 1 ]"
59781c04252f8,740,555,"[327.77,259.37, 1, 1 ]"
59781c04252f8,740,555,"[339.66,248.96, 1, 1 ]"
59781c04252f8,740,555,"[319.34,329.25, 1, 1 ]"
59781c04252f8,740,555,"[324.30,345.61, 1, 1 ]"
59781c04252f8,740,555,"[315.38,364.44, 1, 1 ]"
59781c04252f8,740,555,"[305.96,347.59, 1, 1 ]"
59781c04252f8,740,555,"[302.49,329.75, 1, 1 ]"
59781c04252f8,740,555,"[299.02,313.39, 1, 1 ]"
59781c04252f8,740,555,"[283.65,306.95, 1, 1 ]"
59781c04252f8,740,555,"[284.65,324.30, 1, 1 ]"
59781c04252f8,740,555,"[286.63,342.14, 1, 1 ]"
59781c04252f8,740,555,"[289.60,358.99, 1, 1 ]"
59781c04252f8,740,555,"[265.32,360.98, 1, 1 ]"
59781c04252f8,740,555,"[266.80,351.56, 1, 1 ]"
59781c04252f8,740,555,"[265.81,335.70, 1, 1 ]"
59781c04252f8,740,555,"[266.31,319.34, 1, 1 ]"
59781c04252f8,740,555,"[268.78,302.98, 1, 1 ]"
59781c04252f8,740,555,"[252.43,303.48, 1, 1 ]"
59781c04252f8,740,555,"[248.96,320.83, 1, 1 ]"
59781c04252f8,740,555,"[248.96,333.22, 1, 1 ]"
59781c04252f8,740,555,"[252.92,348.58, 1, 1 ]"
59781c04252f8,740,555,"[250.94,365.93, 1, 1 ]"
59781c04252f8,740,555,"[254.91,386.25, 1, 1 ]"
59781c04252f8,740,555,"[274.24,378.32, 1, 1 ]"
59781c04252f8,740,555,"[236.07,384.77, 1, 1 ]"
59781c04252f8,740,555,"[223.68,380.80, 1, 1 ]"
59781c04252f8,740,555,"[209.31,376.84, 1, 1 ]"
59781c04252f8,740,555,"[194.44,372.38, 1, 1 ]"
59781c04252f8,740,555,"[177.59,365.93, 1, 1 ]"
59781c04252f8,740,555,"[162.22,356.51, 1, 1 ]"
59781c04252f8,740,555,"[143.88,349.08, 1, 1 ]"
59781c04252f8,740,555,"[130.99,339.66, 1, 1 ]"
59781c04252f8,740,555,"[124.06,352.55, 1, 1 ]"
59781c04252f8,740,555,"[134.96,314.38, 1, 1 ]"
59781c04252f8,740,555,"[147.85,327.27, 1, 1 ]"
59781c04252f8,740,555,"[160.73,337.18, 1, 1 ]"
59781c04252f8,740,555,"[174.61,344.62, 1, 1 ]"
59781c04252f8,740,555,"[189.98,355.52, 1, 1 ]"
59781c04252f8,740,555,"[204.35,361.97, 1, 1 ]"
59781c04252f8,740,555,"[217.24,365.93, 1, 1 ]"
59781c04252f8,740,555,"[235.08,366.43, 1, 1 ]"
59781c04252f8,740,555,"[231.12,349.58, 1, 1 ]"
59781c04252f8,740,555,"[212.78,345.61, 1, 1 ]"
59781c04252f8,740,555,"[200.88,339.66, 1, 1 ]"
59781c04252f8,740,555,"[187.50,332.23, 1, 1 ]"
59781c04252f8,740,555,"[172.13,326.28, 1, 1 ]"
59781c04252f8,740,555,"[159.74,313.39, 1, 1 ]"
59781c04252f8,740,555,"[147.35,304.97, 1, 1 ]"
59781c04252f8,740,555,"[137.93,293.57, 1, 1 ]"
59781c04252f8,740,555,"[135.46,277.71, 1, 1 ]"
59781c04252f8,740,555,"[148.34,285.64, 1, 1 ]"
59781c04252f8,740,555,"[161.23,296.54, 1, 1 ]"
59781c04252f8,740,555,"[174.12,305.96, 1, 1 ]"
59781c04252f8,740,555,"[187.50,312.90, 1, 1 ]"
59781c04252f8,740,555,"[201.38,319.34, 1, 1 ]"
59781c04252f8,740,555,"[215.25,325.29, 1, 1 ]"
59781c04252f8,740,555,"[227.15,331.24, 1, 1 ]"
59781c04252f8,740,555,"[230.62,313.89, 1, 1 ]"
59781c04252f8,740,555,"[215.75,307.45, 1, 1 ]"
59781c04252f8,740,555,"[200.88,301.99, 1, 1 ]"
59781c04252f8,740,555,"[186.01,293.57, 1, 1 ]"
59781c04252f8,740,555,"[175.60,287.12, 1, 1 ]"
59781c04252f8,740,555,"[159.74,277.71, 1, 1 ]"
59781c04252f8,740,555,"[149.83,267.30, 1, 1 ]"
59781c04252f8,740,555,"[140.91,256.39, 1, 1 ]"
59781c04252f8,740,555,"[129.01,264.82, 1, 1 ]"
59781c04252f8,740,555,"[131.99,249.45, 1, 1 ]"
59781c04252f8,740,555,"[117.12,257.38, 1, 1 ]"
59781c04252f8,740,555,"[122.07,237.56, 1, 1 ]"
59781c04252f8,740,555,"[538.54,77.48, 1, 1 ]"
59781c04252f8,740,555,"[536.82,67.50, 1, 1 ]"
59781c04252f8,740,555,"[553.69,84.02, 1, 1 ]"
59781c04252f8,740,555,"[563.32,87.12, 1, 1 ]"
59781c04252f8,740,555,"[560.91,97.79, 1, 1 ]"
59781c04252f8,740,555,"[549.21,97.10, 1, 1 ]"
59781c04252f8,740,555,"[575.72,104.33, 1, 1 ]"
59781c04252f8,740,555,"[573.99,113.97, 1, 1 ]"
59781c04252f8,740,555,"[557.82,111.56, 1, 1 ]"
59781c04252f8,740,555,"[545.08,110.87, 1, 1 ]"
59781c04252f8,740,555,"[534.41,106.74, 1, 1 ]"
59781c04252f8,740,555,"[535.79,95.04, 1, 1 ]"
59781c04252f8,740,555,"[522.02,90.56, 1, 1 ]"
59781c04252f8,740,555,"[522.71,102.27, 1, 1 ]"
59781c04252f8,740,555,"[510.32,101.92, 1, 1 ]"
59781c04252f8,740,555,"[508.25,89.19, 1, 1 ]"
59781c04252f8,740,555,"[488.29,91.94, 1, 1 ]"
59781c04252f8,740,555,"[490.01,101.58, 1, 1 ]"
59781c04252f8,740,555,"[477.96,101.58, 1, 1 ]"
59781c04252f8,740,555,"[476.59,91.60, 1, 1 ]"
59781c04252f8,740,555,"[463.16,92.97, 1, 1 ]"
59781c04252f8,740,555,"[462.82,104.33, 1, 1 ]"
59781c04252f8,740,555,"[449.74,108.81, 1, 1 ]"
59781c04252f8,740,555,"[450.77,98.14, 1, 1 ]"
59781c04252f8,740,555,"[439.41,98.83, 1, 1 ]"
59781c04252f8,740,555,"[434.59,112.59, 1, 1 ]"
59781c04252f8,740,555,"[421.86,120.85, 1, 1 ]"
59781c04252f8,740,555,"[427.02,106.74, 1, 1 ]"
59781c04252f8,740,555,"[412.22,137.38, 1, 1 ]"
59781c04252f8,740,555,"[422.20,133.25, 1, 1 ]"
59781c04252f8,740,555,"[439.07,129.46, 1, 1 ]"
59781c04252f8,740,555,"[451.11,124.98, 1, 1 ]"
59781c04252f8,740,555,"[463.16,121.20, 1, 1 ]"
59781c04252f8,740,555,"[480.72,120.17, 1, 1 ]"
59781c04252f8,740,555,"[499.30,116.38, 1, 1 ]"
59781c04252f8,740,555,"[511.01,116.38, 1, 1 ]"
59781c04252f8,740,555,"[525.12,118.10, 1, 1 ]"
59781c04252f8,740,555,"[539.23,122.58, 1, 1 ]"
59781c04252f8,740,555,"[550.93,124.30, 1, 1 ]"
59781c04252f8,740,555,"[564.36,129.46, 1, 1 ]"
59781c04252f8,740,555,"[578.47,133.59, 1, 1 ]"
59781c04252f8,740,555,"[591.20,142.19, 1, 1 ]"
59781c04252f8,740,555,"[594.99,131.52, 1, 1 ]"
59781c04252f8,740,555,"[582.60,125.67, 1, 1 ]"
59781c04252f8,740,555,"[583.29,116.38, 1, 1 ]"
59781c04252f8,740,555,"[399.83,152.86, 1, 1 ]"
59781c04252f8,740,555,"[413.94,152.18, 1, 1 ]"
59781c04252f8,740,555,"[428.05,147.01, 1, 1 ]"
59781c04252f8,740,555,"[440.79,142.88, 1, 1 ]"
59781c04252f8,740,555,"[455.93,135.31, 1, 1 ]"
59781c04252f8,740,555,"[472.46,133.25, 1, 1 ]"
59781c04252f8,740,555,"[487.94,130.49, 1, 1 ]"
59781c04252f8,740,555,"[501.37,130.49, 1, 1 ]"
59781c04252f8,740,555,"[517.89,129.11, 1, 1 ]"
59781c04252f8,740,555,"[530.97,131.87, 1, 1 ]"
59781c04252f8,740,555,"[544.05,135.65, 1, 1 ]"
59781c04252f8,740,555,"[556.44,139.79, 1, 1 ]"
59781c04252f8,740,555,"[569.18,145.98, 1, 1 ]"
59781c04252f8,740,555,"[582.94,152.52, 1, 1 ]"
59781c04252f8,740,555,"[594.30,162.16, 1, 1 ]"
59781c04252f8,740,555,"[601.87,150.80, 1, 1 ]"
59781c04252f8,740,555,"[609.45,159.75, 1, 1 ]"
59781c04252f8,740,555,"[603.60,171.80, 1, 1 ]"
59781c04252f8,740,555,"[614.27,181.43, 1, 1 ]"
59781c04252f8,740,555,"[604.97,191.07, 1, 1 ]"
59781c04252f8,740,555,"[592.58,181.78, 1, 1 ]"
59781c04252f8,740,555,"[581.22,173.17, 1, 1 ]"
59781c04252f8,740,555,"[574.34,162.50, 1, 1 ]"
59781c04252f8,740,555,"[557.82,154.59, 1, 1 ]"
59781c04252f8,740,555,"[548.18,150.11, 1, 1 ]"
59781c04252f8,740,555,"[533.03,145.64, 1, 1 ]"
59781c04252f8,740,555,"[520.99,143.23, 1, 1 ]"
59781c04252f8,740,555,"[505.50,141.85, 1, 1 ]"
59781c04252f8,740,555,"[490.70,141.85, 1, 1 ]"
59781c04252f8,740,555,"[475.21,143.92, 1, 1 ]"
59781c04252f8,740,555,"[460.06,148.39, 1, 1 ]"
59781c04252f8,740,555,"[441.82,154.59, 1, 1 ]"
59781c04252f8,740,555,"[429.77,160.09, 1, 1 ]"
59781c04252f8,740,555,"[414.63,166.98, 1, 1 ]"
59781c04252f8,740,555,"[405.68,169.73, 1, 1 ]"
59781c04252f8,740,555,"[399.14,174.21, 1, 1 ]"
59781c04252f8,740,555,"[392.26,164.57, 1, 1 ]"
59781c04252f8,740,555,"[380.55,170.07, 1, 1 ]"
59781c04252f8,740,555,"[385.03,185.22, 1, 1 ]"
59781c04252f8,740,555,"[371.60,177.65, 1, 1 ]"
59781c04252f8,740,555,"[366.10,167.67, 1, 1 ]"
59781c04252f8,740,555,"[372.98,158.72, 1, 1 ]"
59781c04252f8,740,555,"[390.19,193.82, 1, 1 ]"
59781c04252f8,740,555,"[403.27,185.91, 1, 1 ]"
59781c04252f8,740,555,"[414.29,181.43, 1, 1 ]"
59781c04252f8,740,555,"[414.63,192.45, 1, 1 ]"
59781c04252f8,740,555,"[427.02,185.56, 1, 1 ]"
59781c04252f8,740,555,"[429.43,173.52, 1, 1 ]"
59781c04252f8,740,555,"[443.54,171.11, 1, 1 ]"
59781c04252f8,740,555,"[443.20,185.56, 1, 1 ]"
59781c04252f8,740,555,"[454.56,177.30, 1, 1 ]"
59781c04252f8,740,555,"[455.93,166.29, 1, 1 ]"
59781c04252f8,740,555,"[475.21,169.04, 1, 1 ]"
59781c04252f8,740,555,"[476.93,157.34, 1, 1 ]"
59781c04252f8,740,555,"[488.29,157.00, 1, 1 ]"
59781c04252f8,740,555,"[490.70,166.29, 1, 1 ]"
59781c04252f8,740,555,"[506.88,168.01, 1, 1 ]"
59781c04252f8,740,555,"[508.94,155.27, 1, 1 ]"
59781c04252f8,740,555,"[523.40,157.00, 1, 1 ]"
59781c04252f8,740,555,"[523.05,169.04, 1, 1 ]"
59781c04252f8,740,555,"[533.38,170.42, 1, 1 ]"
59781c04252f8,740,555,"[533.03,160.78, 1, 1 ]"
59781c04252f8,740,555,"[542.67,164.57, 1, 1 ]"
59781c04252f8,740,555,"[549.56,181.43, 1, 1 ]"
59781c04252f8,740,555,"[555.75,171.80, 1, 1 ]"
59781c04252f8,740,555,"[569.52,179.37, 1, 1 ]"
59781c04252f8,740,555,"[561.95,188.32, 1, 1 ]"
59781c04252f8,740,555,"[573.65,200.36, 1, 1 ]"
59781c04252f8,740,555,"[580.19,191.07, 1, 1 ]"
59781c04252f8,740,555,"[592.24,203.12, 1, 1 ]"
59781c04252f8,740,555,"[584.66,213.10, 1, 1 ]"
59781c04252f8,740,555,"[597.40,221.36, 1, 1 ]"
59781c04252f8,740,555,"[606.00,212.07, 1, 1 ]"
59781c04252f8,740,555,"[615.30,207.59, 1, 1 ]"
59781c04252f8,740,555,"[620.46,194.51, 1, 1 ]"
59781c04252f8,740,555,"[623.90,221.36, 1, 1 ]"
59781c04252f8,740,555,"[617.02,226.18, 1, 1 ]"
59781c04252f8,740,555,"[582.60,226.87, 1, 1 ]"
59781c04252f8,740,555,"[569.18,217.23, 1, 1 ]"
59781c04252f8,740,555,"[560.23,207.59, 1, 1 ]"
59781c04252f8,740,555,"[548.52,197.95, 1, 1 ]"
59781c04252f8,740,555,"[535.44,189.69, 1, 1 ]"
59781c04252f8,740,555,"[521.33,184.88, 1, 1 ]"
59781c04252f8,740,555,"[508.25,181.09, 1, 1 ]"
59781c04252f8,740,555,"[486.91,180.40, 1, 1 ]"
59781c04252f8,740,555,"[469.01,184.53, 1, 1 ]"
59781c04252f8,740,555,"[451.46,189.01, 1, 1 ]"
59781c04252f8,740,555,"[446.98,200.02, 1, 1 ]"
59781c04252f8,740,555,"[433.22,198.64, 1, 1 ]"
59781c04252f8,740,555,"[463.51,199.33, 1, 1 ]"
59781c04252f8,740,555,"[479.68,194.17, 1, 1 ]"
59781c04252f8,740,555,"[498.61,194.51, 1, 1 ]"
59781c04252f8,740,555,"[498.27,206.22, 1, 1 ]"
59781c04252f8,740,555,"[515.14,213.10, 1, 1 ]"
59781c04252f8,740,555,"[516.86,199.33, 1, 1 ]"
59781c04252f8,740,555,"[533.38,203.81, 1, 1 ]"
59781c04252f8,740,555,"[530.28,220.67, 1, 1 ]"
59781c04252f8,740,555,"[543.36,227.90, 1, 1 ]"
59781c04252f8,740,555,"[557.82,223.08, 1, 1 ]"
59781c04252f8,740,555,"[546.80,213.44, 1, 1 ]"
59781c04252f8,740,555,"[185.73,83.13, 1, 1 ]"
59781c04252f8,740,555,"[313.73,220.11, 1, 1 ]"
59781c04252f8,740,555,"[315.51,232.01, 1, 1 ]"
59781c04252f8,740,555,"[586.73,258.18, 1, 1 ]"

